"DESCRIPTION","DURATION IN MS","NAME","PARENT SUITE","START TIME","STATUS","STOP TIME","SUB SUITE","SUITE","TEST CLASS","TEST METHOD"
"","10","test_operation_demands_a_credential[v2-PATCH-/admin/users/{id}/password]","tests.api.authorization","2026-09-12","passed","2026-09-12","","test_credentials_required","",""
"A token-shaped string that is not a token must not authenticate.

The product looks tokens up by their last eight characters, and its
source carries a guard against short values panicking, so this is a
boundary worth holding.
","11","test_malformed_credential_is_refused","tests.api.framework","2026-09-12","passed","2026-09-12","","test_transport","",""
"","15","test_documented_operation_exists[v2-GET-/projects/{project}/views/{view}/tasks]","tests.api.contracts","2026-09-12","passed","2026-09-12","","test_documented_operations","",""
"","8","test_documented_operation_exists[v1-PUT-/migration/csv/preview]","tests.api.contracts","2026-09-12","passed","2026-09-12","","test_documented_operations","",""
"","70","test_a_scoped_token_reaches_what_it_was_granted[filters-read_one]","tests.api.authorization","2026-09-12","passed","2026-09-12","","test_token_scopes","",""
"","10","test_operation_demands_a_credential[v1-DELETE-/teams/{id}]","tests.api.authorization","2026-09-12","passed","2026-09-12","","test_credentials_required","",""
"","3","test_operation_demands_a_credential[v1-DELETE-/projects/{id}/background]","tests.api.authorization","2026-09-12","passed","2026-09-12","","test_credentials_required","",""
"","24","test_documented_operation_exists[v1-POST-/projects/{project}/views/{id}]","tests.api.contracts","2026-09-12","passed","2026-09-12","","test_documented_operations","",""
"","16","test_operation_demands_a_credential[v2-PUT-/tasks/{task}/position]","tests.api.authorization","2026-09-12","passed","2026-09-12","","test_credentials_required","",""
"","14","test_operation_demands_a_credential[v2-DELETE-/tasks/{projecttask}]","tests.api.authorization","2026-09-12","passed","2026-09-12","","test_credentials_required","",""
"","5","test_documented_operation_exists[v2-POST-/time-entries/timer/stop]","tests.api.contracts","2026-09-12","passed","2026-09-12","","test_documented_operations","",""
"","8","test_operation_demands_a_credential[v1-POST-/projects/{projectID}/teams/{teamID}]","tests.api.authorization","2026-09-12","passed","2026-09-12","","test_credentials_required","",""
"","19","test_operation_demands_a_credential[v2-GET-/migration/vikunja-file/status]","tests.api.authorization","2026-09-12","passed","2026-09-12","","test_credentials_required","",""
"","12","test_documented_operation_exists[v2-POST-/notifications]","tests.api.contracts","2026-09-12","passed","2026-09-12","","test_documented_operations","",""
"","176","test_a_task_saved_by_a_calendar_client_appears_in_the_api","tests.api.calendar","2026-09-12","passed","2026-09-12","","test_two_doors","",""
"","19","test_operation_demands_a_credential[v1-GET-/migration/wekan/status]","tests.api.authorization","2026-09-12","passed","2026-09-12","","test_credentials_required","",""
"","8","test_operation_demands_a_credential[v2-DELETE-/time-entries/{id}]","tests.api.authorization","2026-09-12","passed","2026-09-12","","test_credentials_required","",""
"","77","test_a_scoped_token_reaches_what_it_was_granted[labels-read_all]","tests.api.authorization","2026-09-12","passed","2026-09-12","","test_token_scopes","",""
"","3","test_documented_operation_exists[v2-POST-/admin/users/{id}/password-reset-email]","tests.api.contracts","2026-09-12","passed","2026-09-12","","test_documented_operations","",""
"","5","test_documented_operation_exists[v2-PATCH-/user/bots/{bot}]","tests.api.contracts","2026-09-12","passed","2026-09-12","","test_documented_operations","",""
"","19","test_operation_demands_a_credential[v1-POST-/projects/{id}/backgrounds/unsplash]","tests.api.authorization","2026-09-12","skipped","2026-09-12","","test_credentials_required","",""
"","0","test_settings_point_at_the_stand","tests.api.framework","2026-09-12","passed","2026-09-12","","test_transport","",""
"","20","test_reading_a_task[outsider]","tests.api.authorization","2026-09-12","passed","2026-09-12","","test_access_matrix","",""
"","4","test_operation_demands_a_credential[v1-DELETE-/projects/{id}/webhooks/{webhookID}]","tests.api.authorization","2026-09-12","passed","2026-09-12","","test_credentials_required","",""
"","21","test_operation_demands_a_credential[v1-PUT-/teams/{id}/members]","tests.api.authorization","2026-09-12","passed","2026-09-12","","test_credentials_required","",""
"","16","test_operation_demands_a_credential[v1-POST-/teams/{id}/members/{userID}/admin]","tests.api.authorization","2026-09-12","passed","2026-09-12","","test_credentials_required","",""
"","3","test_documented_operation_exists[v1-POST-/migration/todoist/migrate]","tests.api.contracts","2026-09-12","passed","2026-09-12","","test_documented_operations","",""
"","21","test_operation_demands_a_credential[v1-GET-/backgrounds/unsplash/image/{image}/thumb]","tests.api.authorization","2026-09-12","skipped","2026-09-12","","test_credentials_required","",""
"","3","test_documented_operation_exists[v1-DELETE-/tasks/{taskID}/relations/{relationKind}/{otherTaskID}]","tests.api.contracts","2026-09-12","passed","2026-09-12","","test_documented_operations","",""
"","4","test_operation_demands_a_credential[v2-POST-/user/password/reset]","tests.api.authorization","2026-09-12","passed","2026-09-12","","test_credentials_required","",""
"","6","test_operation_demands_a_credential[v2-GET-/tasks/{projecttask}]","tests.api.authorization","2026-09-12","passed","2026-09-12","","test_credentials_required","",""
"","4","test_documented_operation_exists[v2-GET-/projects/{project}/views/{view}/buckets]","tests.api.contracts","2026-09-12","passed","2026-09-12","","test_documented_operations","",""
"","6","test_operation_demands_a_credential[v2-GET-/teams]","tests.api.authorization","2026-09-12","passed","2026-09-12","","test_credentials_required","",""
"","12","test_operation_demands_a_credential[v1-PUT-/projects/{id}/views/{view}/buckets]","tests.api.authorization","2026-09-12","passed","2026-09-12","","test_credentials_required","",""
"","5","test_documented_operation_exists[v1-GET-/backgrounds/unsplash/search]","tests.api.contracts","2026-09-12","passed","2026-09-12","","test_documented_operations","",""
"","7","test_operation_demands_a_credential[v1-PUT-/migration/csv/migrate]","tests.api.authorization","2026-09-12","passed","2026-09-12","","test_credentials_required","",""
"","29","test_operation_demands_a_credential[v1-POST-/register]","tests.api.authorization","2026-09-12","passed","2026-09-12","","test_credentials_required","",""
"","7","test_operation_demands_a_credential[v1-GET-/projects/{id}/projectusers]","tests.api.authorization","2026-09-12","passed","2026-09-12","","test_credentials_required","",""
"","2","test_documented_operation_exists[v2-DELETE-/projects/{project}/users/{user}]","tests.api.contracts","2026-09-12","passed","2026-09-12","","test_documented_operations","",""
"The two roles that may delete, each against a world of its own,
because the call destroys it.","1779","test_deleting_a_project_is_allowed[admin]","tests.api.authorization","2026-09-12","passed","2026-09-12","","test_access_matrix","",""
"","14","test_documented_operation_exists[v1-PUT-/migration/csv/detect]","tests.api.contracts","2026-09-12","passed","2026-09-12","","test_documented_operations","",""
"","25","test_operation_demands_a_credential[v2-DELETE-/tasks/{projecttask}/labels/{label}]","tests.api.authorization","2026-09-12","passed","2026-09-12","","test_credentials_required","",""
"","90","test_deleting_a_task[owner]","tests.api.authorization","2026-09-12","passed","2026-09-12","","test_access_matrix","",""
"","45","test_operation_demands_a_credential[v2-GET-/projects/{project}/background]","tests.api.authorization","2026-09-12","passed","2026-09-12","","test_credentials_required","",""
"","6","test_operation_demands_a_credential[v1-POST-/user/deletion/confirm]","tests.api.authorization","2026-09-12","passed","2026-09-12","","test_credentials_required","",""
"","3","test_documented_operation_exists[v1-POST-/user/settings/avatar]","tests.api.contracts","2026-09-12","passed","2026-09-12","","test_documented_operations","",""
"","16","test_operation_demands_a_credential[v2-PATCH-/filters/{filter}]","tests.api.authorization","2026-09-12","passed","2026-09-12","","test_credentials_required","",""
"","18","test_documented_operation_exists[v1-POST-/user/settings/webhooks/{id}]","tests.api.contracts","2026-09-12","passed","2026-09-12","","test_documented_operations","",""
"","5","test_operation_demands_a_credential[v2-GET-/labels]","tests.api.authorization","2026-09-12","passed","2026-09-12","","test_credentials_required","",""
"","2","test_documented_operation_exists[v2-DELETE-/projects/{project}/views/{view}/buckets/{bucket}]","tests.api.contracts","2026-09-12","passed","2026-09-12","","test_documented_operations","",""
"","55","test_documented_operation_exists[v1-POST-/login]","tests.api.contracts","2026-09-12","passed","2026-09-12","","test_documented_operations","",""
"","3","test_documented_operation_exists[v1-GET-/projects/{id}/users]","tests.api.contracts","2026-09-12","passed","2026-09-12","","test_documented_operations","",""
"","11","test_operation_demands_a_credential[v1-PUT-/labels]","tests.api.authorization","2026-09-12","passed","2026-09-12","","test_credentials_required","",""
"","14","test_documented_operation_exists[v2-PATCH-/admin/users/{id}/password]","tests.api.contracts","2026-09-12","passed","2026-09-12","","test_documented_operations","",""
"","29","test_documented_operation_exists[v1-GET-/user/settings/webhooks/events]","tests.api.contracts","2026-09-12","passed","2026-09-12","","test_documented_operations","",""
"","14","test_documented_operation_exists[v2-POST-/projects/{project}/views]","tests.api.contracts","2026-09-12","passed","2026-09-12","","test_documented_operations","",""
"","9","test_operation_demands_a_credential[v1-PUT-/projects/{id}/users]","tests.api.authorization","2026-09-12","passed","2026-09-12","","test_credentials_required","",""
"","10","test_documented_operation_exists[v1-PUT-/projects/{id}/webhooks]","tests.api.contracts","2026-09-12","passed","2026-09-12","","test_documented_operations","",""
"","17","test_operation_demands_a_credential[v2-POST-/user/settings/totp/disable]","tests.api.authorization","2026-09-12","passed","2026-09-12","","test_credentials_required","",""
"","17","test_operation_demands_a_credential[v1-GET-/user/export]","tests.api.authorization","2026-09-12","passed","2026-09-12","","test_credentials_required","",""
"","4","test_documented_operation_exists[v1-DELETE-/tasks/{id}/attachments/{attachmentID}]","tests.api.contracts","2026-09-12","passed","2026-09-12","","test_documented_operations","",""
"","3","test_operation_demands_a_credential[v1-POST-/user/settings/email]","tests.api.authorization","2026-09-12","passed","2026-09-12","","test_credentials_required","",""
"","4","test_operation_demands_a_credential[v2-PATCH-/projects/{project}/views/{view}]","tests.api.authorization","2026-09-12","passed","2026-09-12","","test_credentials_required","",""
"","3","test_documented_operation_exists[v2-PUT-/projects/{project}/users/{user}]","tests.api.contracts","2026-09-12","passed","2026-09-12","","test_documented_operations","",""
"","8","test_documented_operation_exists[v2-GET-/avatar/{username}]","tests.api.contracts","2026-09-12","passed","2026-09-12","","test_documented_operations","",""
"","4","test_documented_operation_exists[v2-PATCH-/labels/{id}]","tests.api.contracts","2026-09-12","passed","2026-09-12","","test_documented_operations","",""
"Tests parameterised over both versions address them by name.","8","test_version_indexed_access[v1]","tests.api.framework","2026-09-12","passed","2026-09-12","","test_transport","",""
"","3","test_documented_operation_exists[v1-DELETE-/projects/{projectID}/users/{userID}]","tests.api.contracts","2026-09-12","passed","2026-09-12","","test_documented_operations","",""
"","9","test_operation_demands_a_credential[v2-GET-/user/settings/webhooks/events]","tests.api.authorization","2026-09-12","passed","2026-09-12","","test_credentials_required","",""
"","17","test_documented_operation_exists[v2-DELETE-/tasks/{projecttask}/assignees/{user}]","tests.api.contracts","2026-09-12","passed","2026-09-12","","test_documented_operations","",""
"","3","test_operation_demands_a_credential[v2-GET-/projects/{project}/views/{view}]","tests.api.authorization","2026-09-12","passed","2026-09-12","","test_credentials_required","",""
"","2","test_documented_operation_exists[v1-GET-/admin/projects]","tests.api.contracts","2026-09-12","passed","2026-09-12","","test_documented_operations","",""
"","5","test_documented_operation_exists[v2-POST-/user/export/request]","tests.api.contracts","2026-09-12","passed","2026-09-12","","test_documented_operations","",""
"","5","test_operation_demands_a_credential[v1-PUT-/filters]","tests.api.authorization","2026-09-12","passed","2026-09-12","","test_credentials_required","",""
"","15","test_operation_demands_a_credential[v1-PUT-/tokens]","tests.api.authorization","2026-09-12","passed","2026-09-12","","test_credentials_required","",""
"","6","test_documented_operation_exists[v2-PATCH-/tasks/{task}/comments/{commentid}]","tests.api.contracts","2026-09-12","passed","2026-09-12","","test_documented_operations","",""
"GHSA-2pv8-4c52-mf8j.

A share hash was disclosable, and the token it yielded then reached
attachments belonging to other projects. The hash half is not the
part to pin; the scope of the token is.
","1650","test_a_link_share_token_reaches_only_its_own_project","tests.api.regressions","2026-09-12","passed","2026-09-12","","test_published_vulnerabilities","",""
"","18","test_operation_demands_a_credential[v1-PUT-/projects]","tests.api.authorization","2026-09-12","passed","2026-09-12","","test_credentials_required","",""
"","169","test_a_scoped_token_reaches_what_it_was_granted[projects_shares-read_all]","tests.api.authorization","2026-09-12","passed","2026-09-12","","test_token_scopes","",""
"","7","test_operation_demands_a_credential[v2-POST-/subscriptions/{entity}/{entityID}]","tests.api.authorization","2026-09-12","passed","2026-09-12","","test_credentials_required","",""
"","3","test_documented_operation_exists[v1-POST-/projects/{id}/webhooks/{webhookID}]","tests.api.contracts","2026-09-12","passed","2026-09-12","","test_documented_operations","",""
"","19","test_documented_operation_exists[v2-POST-/projects/{project}/users]","tests.api.contracts","2026-09-12","passed","2026-09-12","","test_documented_operations","",""
"","11","test_documented_operation_exists[v2-DELETE-/tokens/{id}]","tests.api.contracts","2026-09-12","passed","2026-09-12","","test_documented_operations","",""
"","23","test_operation_demands_a_credential[v2-GET-/admin/users]","tests.api.authorization","2026-09-12","passed","2026-09-12","","test_credentials_required","",""
"","3","test_documented_operation_exists[v2-PUT-/notifications/{notificationid}]","tests.api.contracts","2026-09-12","passed","2026-09-12","","test_documented_operations","",""
"","7","test_operation_demands_a_credential[v1-POST-/tasks/bulk]","tests.api.authorization","2026-09-12","passed","2026-09-12","","test_credentials_required","",""
"","52","test_deleting_a_task[share_read]","tests.api.authorization","2026-09-12","passed","2026-09-12","","test_access_matrix","",""
"","17","test_operation_demands_a_credential[v1-GET-/tasks/{taskID}/comments]","tests.api.authorization","2026-09-12","passed","2026-09-12","","test_credentials_required","",""
"","6","test_operation_demands_a_credential[v1-GET-/tokens]","tests.api.authorization","2026-09-12","passed","2026-09-12","","test_credentials_required","",""
"","5","test_operation_demands_a_credential[v2-PATCH-/teams/{id}]","tests.api.authorization","2026-09-12","passed","2026-09-12","","test_credentials_required","",""
"","2","test_operation_demands_a_credential[v1-POST-/tasks/{id}/position]","tests.api.authorization","2026-09-12","passed","2026-09-12","","test_credentials_required","",""
"","4","test_documented_operation_exists[v2-POST-/{entitykind}/{entityid}/reactions]","tests.api.contracts","2026-09-12","passed","2026-09-12","","test_documented_operations","",""
"","20","test_operation_demands_a_credential[v1-GET-/tasks]","tests.api.authorization","2026-09-12","passed","2026-09-12","","test_credentials_required","",""
"","5","test_documented_operation_exists[v1-PUT-/projects/{projectID}/duplicate]","tests.api.contracts","2026-09-12","passed","2026-09-12","","test_documented_operations","",""
"","7","test_operation_demands_a_credential[v2-POST-/migration/wekan/migrate]","tests.api.authorization","2026-09-12","passed","2026-09-12","","test_credentials_required","",""
"","11","test_operation_demands_a_credential[v2-POST-/tasks/{task}/relations]","tests.api.authorization","2026-09-12","passed","2026-09-12","","test_credentials_required","",""
"","2","test_operation_demands_a_credential[v1-DELETE-/tasks/{taskID}/relations/{relationKind}/{otherTaskID}]","tests.api.authorization","2026-09-12","passed","2026-09-12","","test_credentials_required","",""
"","4","test_documented_operation_exists[v2-GET-/admin/users]","tests.api.contracts","2026-09-12","passed","2026-09-12","","test_documented_operations","",""
"","13","test_operation_demands_a_credential[v2-POST-/time-entries]","tests.api.authorization","2026-09-12","passed","2026-09-12","","test_credentials_required","",""
"","6","test_operation_demands_a_credential[v1-GET-/teams]","tests.api.authorization","2026-09-12","passed","2026-09-12","","test_credentials_required","",""
"Granting one action in an area must not grant the rest of it: the
check that would catch a scope widened by accident.","104","test_a_scoped_token_is_refused_its_siblings[notifications-read_all]","tests.api.authorization","2026-09-12","passed","2026-09-12","","test_token_scopes","",""
"","26","test_operation_demands_a_credential[v2-GET-/notifications.atom]","tests.api.authorization","2026-09-12","passed","2026-09-12","","test_credentials_required","",""
"","4","test_documented_operation_exists[v2-PUT-/user/settings/avatar/provider]","tests.api.contracts","2026-09-12","passed","2026-09-12","","test_documented_operations","",""
"Granting one action in an area must not grant the rest of it: the
check that would catch a scope widened by accident.","101","test_a_scoped_token_is_refused_its_siblings[labels-read_all]","tests.api.authorization","2026-09-12","passed","2026-09-12","","test_token_scopes","",""
"","5","test_documented_operation_exists[v2-DELETE-/admin/users/{id}]","tests.api.contracts","2026-09-12","passed","2026-09-12","","test_documented_operations","",""
"Translation lengthens text, and a layout that only fits English
breaks quietly. Measured rather than eyeballed.","2307","test_a_long_title_is_not_cut_off_by_its_container[chromium]","tests.ui.localisation","2026-09-12","passed","2026-09-12","","test_languages","",""
"Saved once without a due date and again with one, which is how a
calendar client edits: the same UID, a replacement document.","339","test_a_due_date_changed_by_a_calendar_client_reaches_the_api","tests.api.calendar","2026-09-12","passed","2026-09-12","","test_two_doors","",""
"","9","test_operation_demands_a_credential[v1-POST-/migration/vikunja-file/migrate]","tests.api.authorization","2026-09-12","skipped","2026-09-12","","test_credentials_required","",""
"","7","test_operation_demands_a_credential[v2-POST-/tasks/{projecttask}/duplicate]","tests.api.authorization","2026-09-12","passed","2026-09-12","","test_credentials_required","",""
"","8","test_operation_demands_a_credential[v1-POST-/user/settings/totp/enroll]","tests.api.authorization","2026-09-12","passed","2026-09-12","","test_credentials_required","",""
"","2","test_documented_operation_exists[v1-DELETE-/labels/{id}]","tests.api.contracts","2026-09-12","passed","2026-09-12","","test_documented_operations","",""
"","3","test_operation_demands_a_credential[v2-POST-/user/export/download]","tests.api.authorization","2026-09-12","passed","2026-09-12","","test_credentials_required","",""
"","12","test_operation_demands_a_credential[v1-GET-/projects/{id}/views/{view}/tasks]","tests.api.authorization","2026-09-12","passed","2026-09-12","","test_credentials_required","",""
"","4","test_operation_demands_a_credential[v1-GET-/tasks/{id}]","tests.api.authorization","2026-09-12","passed","2026-09-12","","test_credentials_required","",""
"","20","test_operation_demands_a_credential[v2-GET-/projects/{project}/shares]","tests.api.authorization","2026-09-12","passed","2026-09-12","","test_credentials_required","",""
"","7","test_operation_demands_a_credential[v1-PUT-/tasks/{taskID}/assignees]","tests.api.authorization","2026-09-12","passed","2026-09-12","","test_credentials_required","",""
"","8","test_operation_demands_a_credential[v2-POST-/user/password/token]","tests.api.authorization","2026-09-12","passed","2026-09-12","","test_credentials_required","",""
"","7","test_documented_operation_exists[v1-PUT-/projects/{id}/users]","tests.api.contracts","2026-09-12","passed","2026-09-12","","test_documented_operations","",""
"","5","test_operation_demands_a_credential[v2-POST-/user/deletion/request]","tests.api.authorization","2026-09-12","passed","2026-09-12","","test_credentials_required","",""
"","11","test_documented_operation_exists[v2-DELETE-/tasks/{projecttask}/labels/{label}]","tests.api.contracts","2026-09-12","passed","2026-09-12","","test_documented_operations","",""
"","2","test_documented_operation_exists[v2-PATCH-/time-entries/{id}]","tests.api.contracts","2026-09-12","passed","2026-09-12","","test_documented_operations","",""
"","6","test_operation_demands_a_credential[v2-DELETE-/subscriptions/{entity}/{entityID}]","tests.api.authorization","2026-09-12","passed","2026-09-12","","test_credentials_required","",""
"","6","test_documented_operation_exists[v2-POST-/teams]","tests.api.contracts","2026-09-12","passed","2026-09-12","","test_documented_operations","",""
"The unauthenticated baseline every access-matrix row rests on.","4","test_anonymous_caller_is_refused","tests.api.framework","2026-09-12","passed","2026-09-12","","test_transport","",""
"","30","test_operation_demands_a_credential[v1-POST-/migration/microsoft-todo/migrate]","tests.api.authorization","2026-09-12","skipped","2026-09-12","","test_credentials_required","",""
"","4","test_documented_operation_exists[v2-PUT-/projects/{project}/views/{view}/buckets/{bucket}/tasks]","tests.api.contracts","2026-09-12","passed","2026-09-12","","test_documented_operations","",""
"","3","test_documented_operation_exists[v1-PUT-/user/settings/webhooks]","tests.api.contracts","2026-09-12","passed","2026-09-12","","test_documented_operations","",""
"","5532","test_a_reader_is_not_offered_the_add_task_control[chromium]","tests.ui.permissions","2026-09-12","passed","2026-09-12","","test_controls_follow_permissions","",""
"","2","test_documented_operation_exists[v1-GET-/migration/csv/status]","tests.api.contracts","2026-09-12","passed","2026-09-12","","test_documented_operations","",""
"","4","test_documented_operation_exists[v2-PUT-/tasks/{projecttask}/assignees/bulk]","tests.api.contracts","2026-09-12","passed","2026-09-12","","test_documented_operations","",""
"","16","test_operation_demands_a_credential[v2-GET-/time-entries/{id}]","tests.api.authorization","2026-09-12","passed","2026-09-12","","test_credentials_required","",""
"","4","test_operation_demands_a_credential[v2-POST-/teams]","tests.api.authorization","2026-09-12","passed","2026-09-12","","test_credentials_required","",""
"","38","test_operation_demands_a_credential[v2-PUT-/projects/{project}/views/{view}/buckets/{bucket}/tasks]","tests.api.authorization","2026-09-12","passed","2026-09-12","","test_credentials_required","",""
"","442","test_a_task_reads_back_identically[v1-v2]","tests.api.contracts","2026-09-12","passed","2026-09-12","TestWrittenHereReadThere","test_cross_version","",""
"","6","test_operation_demands_a_credential[v2-GET-/avatar/{username}]","tests.api.authorization","2026-09-12","passed","2026-09-12","","test_credentials_required","",""
"","8","test_documented_operation_exists[v2-DELETE-/user/settings/webhooks/{webhook}]","tests.api.contracts","2026-09-12","passed","2026-09-12","","test_documented_operations","",""
"","19","test_operation_demands_a_credential[v2-PUT-/time-entries/{id}]","tests.api.authorization","2026-09-12","passed","2026-09-12","","test_credentials_required","",""
"","18","test_operation_demands_a_credential[v2-PUT-/tasks/{projecttask}/labels/bulk]","tests.api.authorization","2026-09-12","passed","2026-09-12","","test_credentials_required","",""
"","14","test_documented_operation_exists[v1-GET-/user/settings/avatar]","tests.api.contracts","2026-09-12","passed","2026-09-12","","test_documented_operations","",""
"","4","test_documented_operation_exists[v1-POST-/filters/{id}]","tests.api.contracts","2026-09-12","passed","2026-09-12","","test_documented_operations","",""
"","22","test_operation_demands_a_credential[v2-GET-/projects]","tests.api.authorization","2026-09-12","passed","2026-09-12","","test_credentials_required","",""
"","19456","test_a_task_appears_in_every_view_that_lists_tasks[chromium]","tests.ui.views","2026-09-12","passed","2026-09-12","","test_views_agree","",""
"","2","test_documented_operation_exists[v2-GET-/tasks/{task}/attachments]","tests.api.contracts","2026-09-12","passed","2026-09-12","","test_documented_operations","",""
"","3","test_documented_operation_exists[v2-PUT-/time-entries/{id}]","tests.api.contracts","2026-09-12","passed","2026-09-12","","test_documented_operations","",""
"","2","test_documented_operation_exists[v2-GET-/teams/{id}]","tests.api.contracts","2026-09-12","passed","2026-09-12","","test_documented_operations","",""
"","17","test_operation_demands_a_credential[v1-PUT-/projects/{id}/tasks]","tests.api.authorization","2026-09-12","passed","2026-09-12","","test_credentials_required","",""
"","7","test_documented_operation_exists[v2-GET-/projects/{project}/views/{view}/buckets/tasks]","tests.api.contracts","2026-09-12","passed","2026-09-12","","test_documented_operations","",""
"","6","test_documented_operation_exists[v2-GET-/labels/{id}]","tests.api.contracts","2026-09-12","passed","2026-09-12","","test_documented_operations","",""
"","209","test_a_task_deleted_over_the_api_leaves_the_calendar","tests.api.calendar","2026-09-12","passed","2026-09-12","","test_two_doors","",""
"","7","test_operation_demands_a_credential[v2-PUT-/user/settings/webhooks/{webhook}]","tests.api.authorization","2026-09-12","passed","2026-09-12","","test_credentials_required","",""
"","9","test_documented_operation_exists[v2-PUT-/tasks/{projecttask}]","tests.api.contracts","2026-09-12","passed","2026-09-12","","test_documented_operations","",""
"","5","test_operation_demands_a_credential[v1-PATCH-/admin/users/{id}/admin]","tests.api.authorization","2026-09-12","passed","2026-09-12","","test_credentials_required","",""
"","5","test_documented_operation_exists[v2-PUT-/projects/{project}/webhooks/{webhook}]","tests.api.contracts","2026-09-12","passed","2026-09-12","","test_documented_operations","",""
"","4","test_documented_operation_exists[v2-GET-/user/timezones]","tests.api.contracts","2026-09-12","passed","2026-09-12","","test_documented_operations","",""
"","11","test_operation_demands_a_credential[v2-DELETE-/notifications]","tests.api.authorization","2026-09-12","passed","2026-09-12","","test_credentials_required","",""
"","8","test_documented_operation_exists[v2-GET-/tasks/{task}/comments/{commentid}]","tests.api.contracts","2026-09-12","passed","2026-09-12","","test_documented_operations","",""
"","14","test_operation_demands_a_credential[v1-DELETE-/labels/{id}]","tests.api.authorization","2026-09-12","passed","2026-09-12","","test_credentials_required","",""
"","20","test_operation_demands_a_credential[v2-GET-/projects/{project}/views]","tests.api.authorization","2026-09-12","passed","2026-09-12","","test_credentials_required","",""
"","31","test_operation_demands_a_credential[v1-PUT-/migration/csv/detect]","tests.api.authorization","2026-09-12","passed","2026-09-12","","test_credentials_required","",""
"","3","test_documented_operation_exists[v1-POST-/user/password]","tests.api.contracts","2026-09-12","passed","2026-09-12","","test_documented_operations","",""
"","4","test_documented_operation_exists[v2-POST-/user/export/download]","tests.api.contracts","2026-09-12","passed","2026-09-12","","test_documented_operations","",""
"","73","test_deleting_a_task[admin]","tests.api.authorization","2026-09-12","passed","2026-09-12","","test_access_matrix","",""
"","5","test_operation_demands_a_credential[v1-GET-/backgrounds/unsplash/search]","tests.api.authorization","2026-09-12","skipped","2026-09-12","","test_credentials_required","",""
"","2","test_documented_operation_exists[v1-DELETE-/tasks/{task}/labels/{label}]","tests.api.contracts","2026-09-12","passed","2026-09-12","","test_documented_operations","",""
"","9","test_documented_operation_exists[v1-PATCH-/admin/projects/{id}/owner]","tests.api.contracts","2026-09-12","passed","2026-09-12","","test_documented_operations","",""
"","16","test_documented_operation_exists[v1-POST-/{kind}/{id}/reactions/delete]","tests.api.contracts","2026-09-12","passed","2026-09-12","","test_documented_operations","",""
"","3","test_documented_operation_exists[v1-POST-/migration/microsoft-todo/migrate]","tests.api.contracts","2026-09-12","passed","2026-09-12","","test_documented_operations","",""
"Everyone short of an administrator is refused, a writer included.

Write on a project means write inside it, not power over it.
","36","test_deleting_a_project_is_refused[share_read]","tests.api.authorization","2026-09-12","passed","2026-09-12","","test_access_matrix","",""
"","9","test_operation_demands_a_credential[v1-POST-/tasks/{id}]","tests.api.authorization","2026-09-12","passed","2026-09-12","","test_credentials_required","",""
"","7","test_documented_operation_exists[v2-POST-/migration/wekan/migrate]","tests.api.contracts","2026-09-12","passed","2026-09-12","","test_documented_operations","",""
"","16","test_documented_operation_exists[v1-POST-/tasks/{taskID}/labels/bulk]","tests.api.contracts","2026-09-12","passed","2026-09-12","","test_documented_operations","",""
"","3","test_documented_operation_exists[v2-POST-/user/password/reset]","tests.api.contracts","2026-09-12","passed","2026-09-12","","test_documented_operations","",""
"","13","test_documented_operation_exists[v2-GET-/user/settings/totp]","tests.api.contracts","2026-09-12","passed","2026-09-12","","test_documented_operations","",""
"","9","test_operation_demands_a_credential[v2-PUT-/tasks/{projecttask}/read]","tests.api.authorization","2026-09-12","passed","2026-09-12","","test_credentials_required","",""
"","5","test_documented_operation_exists[v2-GET-/projects/{project}/background]","tests.api.contracts","2026-09-12","passed","2026-09-12","","test_documented_operations","",""
"","2","test_documented_operation_exists[v2-PATCH-/teams/{id}]","tests.api.contracts","2026-09-12","passed","2026-09-12","","test_documented_operations","",""
"","2","test_operation_demands_a_credential[v1-DELETE-/projects/{project}/views/{id}]","tests.api.authorization","2026-09-12","passed","2026-09-12","","test_credentials_required","",""
"","10","test_operation_demands_a_credential[v2-GET-/projects/{project}/users/search]","tests.api.authorization","2026-09-12","passed","2026-09-12","","test_credentials_required","",""
"","12","test_documented_operation_exists[v1-PUT-/tasks/{taskID}/comments]","tests.api.contracts","2026-09-12","passed","2026-09-12","","test_documented_operations","",""
"","8","test_operation_demands_a_credential[v2-PUT-/user/settings/email]","tests.api.authorization","2026-09-12","passed","2026-09-12","","test_credentials_required","",""
"","71","test_reading_a_task[share_read]","tests.api.authorization","2026-09-12","passed","2026-09-12","","test_access_matrix","",""
"","9","test_documented_operation_exists[v2-GET-/teams]","tests.api.contracts","2026-09-12","passed","2026-09-12","","test_documented_operations","",""
"","41","test_operation_demands_a_credential[v2-GET-/projects/{project}/tasks]","tests.api.authorization","2026-09-12","passed","2026-09-12","","test_credentials_required","",""
"","140","test_updating_a_task[share_read]","tests.api.authorization","2026-09-12","passed","2026-09-12","","test_access_matrix","",""
"","5","test_documented_operation_exists[v1-PUT-/projects/{project}/views]","tests.api.contracts","2026-09-12","passed","2026-09-12","","test_documented_operations","",""
"","14","test_documented_operation_exists[v1-PUT-/projects/{id}/teams]","tests.api.contracts","2026-09-12","passed","2026-09-12","","test_documented_operations","",""
"Guards against the product's catalogue changing shape and the
generator quietly producing nothing.","0","test_the_live_catalogue_yields_cases","tests.api.authorization","2026-09-12","passed","2026-09-12","","test_token_scopes","",""
"","3","test_documented_operation_exists[v2-PATCH-/admin/users/{id}/admin]","tests.api.contracts","2026-09-12","passed","2026-09-12","","test_documented_operations","",""
"","3","test_documented_operation_exists[v2-PUT-/labels/{id}]","tests.api.contracts","2026-09-12","passed","2026-09-12","","test_documented_operations","",""
"","8","test_operation_demands_a_credential[v2-PUT-/tasks/{projecttask}]","tests.api.authorization","2026-09-12","passed","2026-09-12","","test_credentials_required","",""
"","16","test_documented_operation_exists[v2-GET-/time-entries]","tests.api.contracts","2026-09-12","passed","2026-09-12","","test_documented_operations","",""
"","8","test_documented_operation_exists[v2-POST-/projects]","tests.api.contracts","2026-09-12","passed","2026-09-12","","test_documented_operations","",""
"Read permissions on projects and tasks are not calendar access: the
catalogue lists `caldav` as its own area, so the token must name it.","220","test_an_api_token_opens_the_calendar_only_with_the_caldav_permission[with-caldav-permission]","tests.api.calendar","2026-09-12","passed","2026-09-12","","test_calendar_access","",""
"","3","test_documented_operation_exists[v1-GET-/migration/trello/auth]","tests.api.contracts","2026-09-12","passed","2026-09-12","","test_documented_operations","",""
"Everyone short of an administrator is refused, a writer included.

Write on a project means write inside it, not power over it.
","24","test_deleting_a_project_is_refused[outsider]","tests.api.authorization","2026-09-12","passed","2026-09-12","","test_access_matrix","",""
"","17","test_operation_demands_a_credential[v1-POST-/tasks/{taskID}/assignees/bulk]","tests.api.authorization","2026-09-12","passed","2026-09-12","","test_credentials_required","",""
"Tests parameterised over both versions address them by name.","22","test_version_indexed_access[v2]","tests.api.framework","2026-09-12","passed","2026-09-12","","test_transport","",""
"","2","test_documented_operation_exists[v2-GET-/migration/vikunja-file/status]","tests.api.contracts","2026-09-12","passed","2026-09-12","","test_documented_operations","",""
"","3","test_documented_operation_exists[v2-DELETE-/filters/{filter}]","tests.api.contracts","2026-09-12","passed","2026-09-12","","test_documented_operations","",""
"The coarsest boundary, stated on its own so a failure is unmistakable.","577","test_a_scoped_token_cannot_reach_another_area","tests.api.authorization","2026-09-12","passed","2026-09-12","","test_token_scopes","",""
"","3","test_documented_operation_exists[v1-POST-/teams/{id}/members/{userID}/admin]","tests.api.contracts","2026-09-12","passed","2026-09-12","","test_documented_operations","",""
"","1165","test_a_revoked_caldav_token_no_longer_opens_the_calendar","tests.api.calendar","2026-09-12","passed","2026-09-12","","test_calendar_access","",""
"","3","test_documented_operation_exists[v1-GET-/admin/overview]","tests.api.contracts","2026-09-12","passed","2026-09-12","","test_documented_operations","",""
"Everyone short of an administrator is refused, a writer included.

Write on a project means write inside it, not power over it.
","14","test_deleting_a_project_is_refused[reader]","tests.api.authorization","2026-09-12","passed","2026-09-12","","test_access_matrix","",""
"","8","test_operation_demands_a_credential[v2-GET-/teams/{id}]","tests.api.authorization","2026-09-12","passed","2026-09-12","","test_credentials_required","",""
"Subscribing to one event must not sign the endpoint up for the rest.

Relies on one stated assumption. The creation is dispatched before the
deletion, so a wrongly delivered creation is expected to reach the sink
first and be present when the wait returns. A delivery pipeline that
reordered events could let one slip past; proving absence outright
would take a fixed wait, which this suite does not use.
","199","test_a_webhook_ignores_events_it_did_not_subscribe_to","tests.api.side_effects","2026-09-12","passed","2026-09-12","","test_webhooks","",""
"","19","test_operation_demands_a_credential[v1-PATCH-/admin/users/{id}/status]","tests.api.authorization","2026-09-12","passed","2026-09-12","","test_credentials_required","",""
"","26","test_operation_demands_a_credential[v1-GET-/migration/trello/auth]","tests.api.authorization","2026-09-12","skipped","2026-09-12","","test_credentials_required","",""
"","11","test_operation_demands_a_credential[v1-PUT-/user/settings/token/caldav]","tests.api.authorization","2026-09-12","passed","2026-09-12","","test_credentials_required","",""
"","30","test_operation_demands_a_credential[v2-GET-/projects/{project_id}/time-entries]","tests.api.authorization","2026-09-12","passed","2026-09-12","","test_credentials_required","",""
"","20","test_operation_demands_a_credential[v2-PATCH-/projects/{id}]","tests.api.authorization","2026-09-12","passed","2026-09-12","","test_credentials_required","",""
"","201","test_a_due_date_set_over_the_api_reaches_the_calendar","tests.api.calendar","2026-09-12","passed","2026-09-12","","test_two_doors","",""
"","5","test_documented_operation_exists[v2-GET-/user/settings/avatar/provider]","tests.api.contracts","2026-09-12","passed","2026-09-12","","test_documented_operations","",""
"","12","test_documented_operation_exists[v2-GET-/projects/{project}/shares/{share}]","tests.api.contracts","2026-09-12","passed","2026-09-12","","test_documented_operations","",""
"","4","test_operation_demands_a_credential[v2-POST-/projects/{project}/views/{view}/buckets]","tests.api.authorization","2026-09-12","passed","2026-09-12","","test_credentials_required","",""
"","24","test_documented_operation_exists[v1-GET-/tasks/{taskID}/assignees]","tests.api.contracts","2026-09-12","passed","2026-09-12","","test_documented_operations","",""
"","8","test_operation_demands_a_credential[v2-PUT-/user/settings/general]","tests.api.authorization","2026-09-12","passed","2026-09-12","","test_credentials_required","",""
"","75","test_a_scoped_token_reaches_what_it_was_granted[projects_teams-read_all]","tests.api.authorization","2026-09-12","passed","2026-09-12","","test_token_scopes","",""
"","8","test_documented_operation_exists[v2-POST-/{entitykind}/{entityid}/reactions/delete]","tests.api.contracts","2026-09-12","passed","2026-09-12","","test_documented_operations","",""
"","3","test_documented_operation_exists[v1-POST-/user/settings/totp/enable]","tests.api.contracts","2026-09-12","passed","2026-09-12","","test_documented_operations","",""
"Asserted as current behaviour, on purpose, so a fix is noticed.

Refusals come back with code 0 on v1 and with no code at all on v2,
while absent objects carry real ones. That leaves the errors users meet
most often as the ones a client cannot translate. When the product
starts sending a code, this fails and says the finding may be closed.
","27","test_a_refusal_carries_no_usable_code","tests.api.contracts","2026-09-12","passed","2026-09-12","","test_error_codes","",""
"","8","test_documented_operation_exists[v2-DELETE-/tasks/{task}/attachments/{attachment}]","tests.api.contracts","2026-09-12","passed","2026-09-12","","test_documented_operations","",""
"","32","test_operation_demands_a_credential[v2-GET-/projects/{project}/views/{view}/buckets/tasks]","tests.api.authorization","2026-09-12","passed","2026-09-12","","test_credentials_required","",""
"Everyone short of an administrator is refused, a writer included.

Write on a project means write inside it, not power over it.
","69","test_deleting_a_project_is_refused[teammate]","tests.api.authorization","2026-09-12","passed","2026-09-12","","test_access_matrix","",""
"The link the whole approach rests on: state built over the API is
what the browser shows.","4408","test_a_task_made_over_the_api_is_visible_in_the_browser[chromium]","tests.ui.framework","2026-09-12","passed","2026-09-12","","test_session","",""
"","15","test_documented_operation_exists[v1-PUT-/labels]","tests.api.contracts","2026-09-12","passed","2026-09-12","","test_documented_operations","",""
"","3","test_operation_demands_a_credential[v2-GET-/migration/csv/status]","tests.api.authorization","2026-09-12","passed","2026-09-12","","test_credentials_required","",""
"","3","test_documented_operation_exists[v2-GET-/time-entries/{id}]","tests.api.contracts","2026-09-12","passed","2026-09-12","","test_documented_operations","",""
"","2","test_operation_demands_a_credential[v1-PUT-/tasks/{taskID}/duplicate]","tests.api.authorization","2026-09-12","passed","2026-09-12","","test_credentials_required","",""
"","37","test_reading_a_task_is_decided_the_same_way[owner]","tests.api.contracts","2026-09-12","passed","2026-09-12","TestTheSameDecision","test_cross_version","",""
"","6","test_operation_demands_a_credential[v2-GET-/admin/overview]","tests.api.authorization","2026-09-12","passed","2026-09-12","","test_credentials_required","",""
"","13","test_documented_operation_exists[v1-GET-/tasks/{id}]","tests.api.contracts","2026-09-12","passed","2026-09-12","","test_documented_operations","",""
"","27","test_deleting_a_task[outsider]","tests.api.authorization","2026-09-12","passed","2026-09-12","","test_access_matrix","",""
"","5","test_documented_operation_exists[v2-PUT-/tasks/bulk]","tests.api.contracts","2026-09-12","passed","2026-09-12","","test_documented_operations","",""
"","20","test_operation_demands_a_credential[v2-PUT-/teams/{id}]","tests.api.authorization","2026-09-12","passed","2026-09-12","","test_credentials_required","",""
"","24","test_operation_demands_a_credential[v1-POST-/migration/todoist/migrate]","tests.api.authorization","2026-09-12","skipped","2026-09-12","","test_credentials_required","",""
"","4","test_documented_operation_exists[v1-POST-/user/deletion/request]","tests.api.contracts","2026-09-12","passed","2026-09-12","","test_documented_operations","",""
"","5","test_operation_demands_a_credential[v2-DELETE-/projects/{id}]","tests.api.authorization","2026-09-12","passed","2026-09-12","","test_credentials_required","",""
"","8","test_operation_demands_a_credential[v2-GET-/projects/{project}/teams]","tests.api.authorization","2026-09-12","passed","2026-09-12","","test_credentials_required","",""
"","16","test_operation_demands_a_credential[v1-PATCH-/admin/projects/{id}/owner]","tests.api.authorization","2026-09-12","passed","2026-09-12","","test_credentials_required","",""
"","5","test_operation_demands_a_credential[v2-POST-/migration/planka/migrate]","tests.api.authorization","2026-09-12","passed","2026-09-12","","test_credentials_required","",""
"","39","test_operation_demands_a_credential[v2-PUT-/user/bots/{bot}]","tests.api.authorization","2026-09-12","passed","2026-09-12","","test_credentials_required","",""
"","2","test_documented_operation_exists[v1-DELETE-/admin/users/{id}]","tests.api.contracts","2026-09-12","passed","2026-09-12","","test_documented_operations","",""
"","9","test_documented_operation_exists[v2-POST-/shares/{share}/auth]","tests.api.contracts","2026-09-12","passed","2026-09-12","","test_documented_operations","",""
"Granting one action in an area must not grant the rest of it: the
check that would catch a scope widened by accident.","229","test_a_scoped_token_is_refused_its_siblings[reactions-read_all]","tests.api.authorization","2026-09-12","passed","2026-09-12","","test_token_scopes","",""
"","5","test_documented_operation_exists[v2-PUT-/projects/{project}/views/{view}/buckets/{bucket}]","tests.api.contracts","2026-09-12","passed","2026-09-12","","test_documented_operations","",""
"","6","test_operation_demands_a_credential[v2-PUT-/tasks/bulk]","tests.api.authorization","2026-09-12","passed","2026-09-12","","test_credentials_required","",""
"","198","test_a_scoped_token_reaches_what_it_was_granted[notifications-read_all]","tests.api.authorization","2026-09-12","passed","2026-09-12","","test_token_scopes","",""
"","6","test_operation_demands_a_credential[v2-GET-/user/settings/avatar/provider]","tests.api.authorization","2026-09-12","passed","2026-09-12","","test_credentials_required","",""
"","3","test_documented_operation_exists[v1-GET-/migration/todoist/auth]","tests.api.contracts","2026-09-12","passed","2026-09-12","","test_documented_operations","",""
"","6","test_documented_operation_exists[v1-GET-/routes]","tests.api.contracts","2026-09-12","passed","2026-09-12","","test_documented_operations","",""
"","25","test_documented_operation_exists[v2-PUT-/tasks/{task}/position]","tests.api.contracts","2026-09-12","passed","2026-09-12","","test_documented_operations","",""
"","265","test_updating_a_task[admin]","tests.api.authorization","2026-09-12","passed","2026-09-12","","test_access_matrix","",""
"CVE-2026-55065.

Operations on kanban buckets did not consult the owning project, so a
stranger could delete the columns out of someone's board.
","851","test_a_kanban_bucket_cannot_be_destroyed_without_rights_on_its_project","tests.api.regressions","2026-09-12","passed","2026-09-12","","test_published_vulnerabilities","",""
"","7","test_documented_operation_exists[v1-POST-/user/export/request]","tests.api.contracts","2026-09-12","passed","2026-09-12","","test_documented_operations","",""
"","23","test_documented_operation_exists[v1-POST-/user/token/refresh]","tests.api.contracts","2026-09-12","passed","2026-09-12","","test_documented_operations","",""
"","6","test_documented_operation_exists[v2-POST-/oauth/authorize]","tests.api.contracts","2026-09-12","passed","2026-09-12","","test_documented_operations","",""
"","11","test_operation_demands_a_credential[v2-PATCH-/tasks/{task}/comments/{commentid}]","tests.api.authorization","2026-09-12","passed","2026-09-12","","test_credentials_required","",""
"","2","test_documented_operation_exists[v2-GET-/routes]","tests.api.contracts","2026-09-12","passed","2026-09-12","","test_documented_operations","",""
"","9","test_operation_demands_a_credential[v1-GET-/user/timezones]","tests.api.authorization","2026-09-12","passed","2026-09-12","","test_credentials_required","",""
"","8","test_operation_demands_a_credential[v1-DELETE-/tasks/{id}]","tests.api.authorization","2026-09-12","passed","2026-09-12","","test_credentials_required","",""
"","3","test_operation_demands_a_credential[v1-POST-/filters/{id}]","tests.api.authorization","2026-09-12","passed","2026-09-12","","test_credentials_required","",""
"","13","test_operation_demands_a_credential[v2-POST-/login]","tests.api.authorization","2026-09-12","passed","2026-09-12","","test_credentials_required","",""
"","19","test_operation_demands_a_credential[v2-DELETE-/tasks/{task}/attachments/{attachment}]","tests.api.authorization","2026-09-12","passed","2026-09-12","","test_credentials_required","",""
"","20","test_updating_a_task[writer]","tests.api.authorization","2026-09-12","passed","2026-09-12","","test_access_matrix","",""
"","18","test_documented_operation_exists[v1-PUT-/projects]","tests.api.contracts","2026-09-12","passed","2026-09-12","","test_documented_operations","",""
"","4","test_documented_operation_exists[v2-DELETE-/projects/{project}/shares/{share}]","tests.api.contracts","2026-09-12","passed","2026-09-12","","test_documented_operations","",""
"","4","test_documented_operation_exists[v2-DELETE-/teams/{team}/members/{user}]","tests.api.contracts","2026-09-12","passed","2026-09-12","","test_documented_operations","",""
"","5","test_operation_demands_a_credential[v2-POST-/user/export/request]","tests.api.authorization","2026-09-12","passed","2026-09-12","","test_credentials_required","",""
"Read permissions on projects and tasks are not calendar access: the
catalogue lists `caldav` as its own area, so the token must name it.","589","test_an_api_token_opens_the_calendar_only_with_the_caldav_permission[without-it]","tests.api.calendar","2026-09-12","passed","2026-09-12","","test_calendar_access","",""
"","2","test_operation_demands_a_credential[v1-PUT-/tasks/{taskID}/relations]","tests.api.authorization","2026-09-12","passed","2026-09-12","","test_credentials_required","",""
"","5","test_operation_demands_a_credential[v1-GET-/projects/{id}/users]","tests.api.authorization","2026-09-12","passed","2026-09-12","","test_credentials_required","",""
"","16","test_operation_demands_a_credential[v2-GET-/tasks/{task}/comments/{commentid}]","tests.api.authorization","2026-09-12","passed","2026-09-12","","test_credentials_required","",""
"Granting one action in an area must not grant the rest of it: the
check that would catch a scope widened by accident.","165","test_a_scoped_token_is_refused_its_siblings[tasks_comments-read_all]","tests.api.authorization","2026-09-12","passed","2026-09-12","","test_token_scopes","",""
"","8","test_documented_operation_exists[v2-POST-/projects/{project}/teams]","tests.api.contracts","2026-09-12","passed","2026-09-12","","test_documented_operations","",""
"","5","test_operation_demands_a_credential[v1-POST-/tasks/{projecttask}/read]","tests.api.authorization","2026-09-12","passed","2026-09-12","","test_credentials_required","",""
"","267","test_the_calendar_home_answers_a_plain_get_without_a_server_error","tests.api.calendar","2026-09-12","skipped","2026-09-12","","test_calendar_access","",""
"","3","test_documented_operation_exists[v1-PUT-/{kind}/{id}/reactions]","tests.api.contracts","2026-09-12","passed","2026-09-12","","test_documented_operations","",""
"","3","test_documented_operation_exists[v1-PUT-/tasks/{id}/attachments]","tests.api.contracts","2026-09-12","passed","2026-09-12","","test_documented_operations","",""
"","27","test_operation_demands_a_credential[v2-POST-/oauth/token]","tests.api.authorization","2026-09-12","passed","2026-09-12","","test_credentials_required","",""
"","3","test_documented_operation_exists[v1-POST-/user/password/token]","tests.api.contracts","2026-09-12","passed","2026-09-12","","test_documented_operations","",""
"","3","test_documented_operation_exists[v1-GET-/filters/{id}]","tests.api.contracts","2026-09-12","passed","2026-09-12","","test_documented_operations","",""
"","55","test_documented_operation_exists[v2-GET-/health]","tests.api.contracts","2026-09-12","passed","2026-09-12","","test_documented_operations","",""
"","2","test_documented_operation_exists[v1-GET-/migration/microsoft-todo/status]","tests.api.contracts","2026-09-12","passed","2026-09-12","","test_documented_operations","",""
"","8","test_documented_operation_exists[v1-DELETE-/tasks/{id}]","tests.api.contracts","2026-09-12","passed","2026-09-12","","test_documented_operations","",""
"","9","test_operation_demands_a_credential[v1-GET-/projects/{id}/background]","tests.api.authorization","2026-09-12","passed","2026-09-12","","test_credentials_required","",""
"","19","test_operation_demands_a_credential[v1-POST-/user/password/token]","tests.api.authorization","2026-09-12","passed","2026-09-12","","test_credentials_required","",""
"","66","test_reading_a_task[reader]","tests.api.authorization","2026-09-12","passed","2026-09-12","","test_access_matrix","",""
"","5","test_operation_demands_a_credential[v2-GET-/labels/{id}]","tests.api.authorization","2026-09-12","passed","2026-09-12","","test_credentials_required","",""
"","28","test_operation_demands_a_credential[v2-DELETE-/tasks/{task}/comments/{commentid}]","tests.api.authorization","2026-09-12","passed","2026-09-12","","test_credentials_required","",""
"","5","test_documented_operation_exists[v2-DELETE-/user/bots/{bot}]","tests.api.contracts","2026-09-12","passed","2026-09-12","","test_documented_operations","",""
"","72","test_operation_demands_a_credential[v1-GET-/migration/todoist/auth]","tests.api.authorization","2026-09-12","skipped","2026-09-12","","test_credentials_required","",""
"","2","test_documented_operation_exists[v2-PUT-/tasks/{task}/comments/{commentid}]","tests.api.contracts","2026-09-12","passed","2026-09-12","","test_documented_operations","",""
"","3","test_operation_demands_a_credential[v1-DELETE-/tokens/{tokenID}]","tests.api.authorization","2026-09-12","passed","2026-09-12","","test_credentials_required","",""
"","7","test_operation_demands_a_credential[v2-PATCH-/admin/projects/{id}/owner]","tests.api.authorization","2026-09-12","passed","2026-09-12","","test_credentials_required","",""
"","9","test_documented_operation_exists[v2-GET-/user/bots/{bot}]","tests.api.contracts","2026-09-12","passed","2026-09-12","","test_documented_operations","",""
"","48","test_a_scoped_token_reaches_what_it_was_granted[projects_webhooks-read_all]","tests.api.authorization","2026-09-12","passed","2026-09-12","","test_token_scopes","",""
"","13","test_operation_demands_a_credential[v1-GET-/routes]","tests.api.authorization","2026-09-12","passed","2026-09-12","","test_credentials_required","",""
"","8","test_operation_demands_a_credential[v2-POST-/migration/csv/preview]","tests.api.authorization","2026-09-12","passed","2026-09-12","","test_credentials_required","",""
"","7","test_documented_operation_exists[v2-GET-/admin/projects]","tests.api.contracts","2026-09-12","passed","2026-09-12","","test_documented_operations","",""
"","2","test_documented_operation_exists[v2-POST-/logout]","tests.api.contracts","2026-09-12","passed","2026-09-12","","test_documented_operations","",""
"","21","test_operation_demands_a_credential[v2-GET-/projects/{id}]","tests.api.authorization","2026-09-12","passed","2026-09-12","","test_credentials_required","",""
"","2","test_documented_operation_exists[v1-GET-/user/settings/webhooks]","tests.api.contracts","2026-09-12","passed","2026-09-12","","test_documented_operations","",""
"","3","test_documented_operation_exists[v2-DELETE-/labels/{id}]","tests.api.contracts","2026-09-12","passed","2026-09-12","","test_documented_operations","",""
"","14","test_documented_operation_exists[v2-DELETE-/user/settings/token/caldav/{id}]","tests.api.contracts","2026-09-12","passed","2026-09-12","","test_documented_operations","",""
"","7","test_documented_operation_exists[v2-GET-/admin/overview]","tests.api.contracts","2026-09-12","passed","2026-09-12","","test_documented_operations","",""
"","26","test_documented_operation_exists[v1-GET-/projects/{project}/shares]","tests.api.contracts","2026-09-12","passed","2026-09-12","","test_documented_operations","",""
"","5","test_documented_operation_exists[v1-PUT-/tokens]","tests.api.contracts","2026-09-12","passed","2026-09-12","","test_documented_operations","",""
"","12","test_operation_demands_a_credential[v1-GET-/tasks/{id}/attachments]","tests.api.authorization","2026-09-12","passed","2026-09-12","","test_credentials_required","",""
"","4","test_documented_operation_exists[v2-DELETE-/teams/{id}]","tests.api.contracts","2026-09-12","passed","2026-09-12","","test_documented_operations","",""
"","23","test_operation_demands_a_credential[v1-GET-/migration/microsoft-todo/auth]","tests.api.authorization","2026-09-12","skipped","2026-09-12","","test_credentials_required","",""
"","2","test_operation_demands_a_credential[v1-PUT-/user/settings/avatar/upload]","tests.api.authorization","2026-09-12","passed","2026-09-12","","test_credentials_required","",""
"The distinction the matrix rests on: someone who may read but not
write is refused, not told the task is absent, because they already
know it is there.","141","test_a_reader_is_refused_rather_than_told_it_is_missing","tests.api.authorization","2026-09-12","passed","2026-09-12","","test_access_matrix","",""
"","18","test_deleting_a_task[anon]","tests.api.authorization","2026-09-12","passed","2026-09-12","","test_access_matrix","",""
"","4","test_documented_operation_exists[v2-POST-/migration/csv/preview]","tests.api.contracts","2026-09-12","passed","2026-09-12","","test_documented_operations","",""
"","16","test_operation_demands_a_credential[v2-POST-/time-entries/timer/stop]","tests.api.authorization","2026-09-12","passed","2026-09-12","","test_credentials_required","",""
"Granting one action in an area must not grant the rest of it: the
check that would catch a scope widened by accident.","201","test_a_scoped_token_is_refused_its_siblings[filters-read_one]","tests.api.authorization","2026-09-12","passed","2026-09-12","","test_token_scopes","",""
"","4","test_operation_demands_a_credential[v2-POST-/tasks/{projecttask}/labels]","tests.api.authorization","2026-09-12","passed","2026-09-12","","test_credentials_required","",""
"","3","test_documented_operation_exists[v2-POST-/migration/vikunja-file/migrate]","tests.api.contracts","2026-09-12","passed","2026-09-12","","test_documented_operations","",""
"","2","test_operation_demands_a_credential[v1-DELETE-/notifications]","tests.api.authorization","2026-09-12","passed","2026-09-12","","test_credentials_required","",""
"","10","test_operation_demands_a_credential[v2-PUT-/projects/{id}]","tests.api.authorization","2026-09-12","passed","2026-09-12","","test_credentials_required","",""
"","286","test_a_scoped_token_reaches_what_it_was_granted[tasks_comments-read_all]","tests.api.authorization","2026-09-12","passed","2026-09-12","","test_token_scopes","",""
"","4","test_operation_demands_a_credential[v2-POST-/projects/{project}/shares]","tests.api.authorization","2026-09-12","passed","2026-09-12","","test_credentials_required","",""
"One credential, two doors. Cross-version work depends on this.","58","test_both_api_versions_answer_the_same_actor","tests.api.framework","2026-09-12","passed","2026-09-12","","test_transport","",""
"","9","test_documented_operation_exists[v2-POST-/migration/ticktick/migrate]","tests.api.contracts","2026-09-12","passed","2026-09-12","","test_documented_operations","",""
"","3711","test_the_interface_follows_the_browser_language[chromium-de-DE]","tests.ui.localisation","2026-09-12","passed","2026-09-12","","test_languages","",""
"","14","test_operation_demands_a_credential[v1-PUT-/labels/{id}]","tests.api.authorization","2026-09-12","skipped","2026-09-12","","test_credentials_required","",""
"","10","test_documented_operation_exists[v1-PUT-/projects/{id}/views/{view}/buckets]","tests.api.contracts","2026-09-12","passed","2026-09-12","","test_documented_operations","",""
"","3","test_documented_operation_exists[v1-POST-/migration/trello/migrate]","tests.api.contracts","2026-09-12","passed","2026-09-12","","test_documented_operations","",""
"Granting one action in an area must not grant the rest of it: the
check that would catch a scope widened by accident.","146","test_a_scoped_token_is_refused_its_siblings[projects_users-read_all]","tests.api.authorization","2026-09-12","passed","2026-09-12","","test_token_scopes","",""
"","7","test_operation_demands_a_credential[v1-GET-/admin/overview]","tests.api.authorization","2026-09-12","passed","2026-09-12","","test_credentials_required","",""
"","72","test_reading_a_task_is_decided_the_same_way[reader]","tests.api.contracts","2026-09-12","passed","2026-09-12","TestTheSameDecision","test_cross_version","",""
"","19","test_documented_operation_exists[v2-GET-/projects/{project}/teams]","tests.api.contracts","2026-09-12","passed","2026-09-12","","test_documented_operations","",""
"","7","test_operation_demands_a_credential[v2-POST-/projects/{project}/views]","tests.api.authorization","2026-09-12","passed","2026-09-12","","test_credentials_required","",""
"","6","test_documented_operation_exists[v1-PUT-/migration/ticktick/migrate]","tests.api.contracts","2026-09-12","passed","2026-09-12","","test_documented_operations","",""
"","5","test_documented_operation_exists[v1-PATCH-/admin/users/{id}/status]","tests.api.contracts","2026-09-12","passed","2026-09-12","","test_documented_operations","",""
"","5","test_operation_demands_a_credential[v1-POST-/projects/{id}/webhooks/{webhookID}]","tests.api.authorization","2026-09-12","passed","2026-09-12","","test_credentials_required","",""
"","6","test_operation_demands_a_credential[v1-GET-/user]","tests.api.authorization","2026-09-12","passed","2026-09-12","","test_credentials_required","",""
"","6","test_operation_demands_a_credential[v1-POST-/projects/{id}]","tests.api.authorization","2026-09-12","passed","2026-09-12","","test_credentials_required","",""
"","5","test_documented_operation_exists[v2-PUT-/projects/{project}/teams/{team}]","tests.api.contracts","2026-09-12","passed","2026-09-12","","test_documented_operations","",""
"Granting one action in an area must not grant the rest of it: the
check that would catch a scope widened by accident.","133","test_a_scoped_token_is_refused_its_siblings[tasks_labels-read_all]","tests.api.authorization","2026-09-12","passed","2026-09-12","","test_token_scopes","",""
"","131","test_reading_a_task[teammate]","tests.api.authorization","2026-09-12","passed","2026-09-12","","test_access_matrix","",""
"","21","test_operation_demands_a_credential[v2-GET-/projects/{project}/users]","tests.api.authorization","2026-09-12","passed","2026-09-12","","test_credentials_required","",""
"","12","test_documented_operation_exists[v1-GET-/user/settings/totp/qrcode]","tests.api.contracts","2026-09-12","passed","2026-09-12","","test_documented_operations","",""
"","53","test_operation_demands_a_credential[v2-GET-/user/settings/token/caldav]","tests.api.authorization","2026-09-12","passed","2026-09-12","","test_credentials_required","",""
"","6","test_operation_demands_a_credential[v2-GET-/user/sessions]","tests.api.authorization","2026-09-12","passed","2026-09-12","","test_credentials_required","",""
"","5","test_operation_demands_a_credential[v1-PUT-/projects/{project}/shares]","tests.api.authorization","2026-09-12","passed","2026-09-12","","test_credentials_required","",""
"","7","test_operation_demands_a_credential[v2-POST-/projects/{projectid}/duplicate]","tests.api.authorization","2026-09-12","passed","2026-09-12","","test_credentials_required","",""
"","15","test_operation_demands_a_credential[v2-PUT-/projects/{project}/views/{view}]","tests.api.authorization","2026-09-12","passed","2026-09-12","","test_credentials_required","",""
"","9","test_operation_demands_a_credential[v1-GET-/teams/{id}]","tests.api.authorization","2026-09-12","passed","2026-09-12","","test_credentials_required","",""
"CVE-2026-68581.

A low-privileged account could take control of another account's API
tokens, which is a full account takeover by another name.
","843","test_an_api_token_cannot_be_read_or_revoked_by_anyone_else","tests.api.regressions","2026-09-12","passed","2026-09-12","","test_published_vulnerabilities","",""
"","24","test_reading_a_task[writer]","tests.api.authorization","2026-09-12","passed","2026-09-12","","test_access_matrix","",""
"","6","test_operation_demands_a_credential[v2-GET-/user/export]","tests.api.authorization","2026-09-12","passed","2026-09-12","","test_credentials_required","",""
"","7","test_documented_operation_exists[v1-POST-/projects/{projectID}/views/{view}/buckets/{bucketID}]","tests.api.contracts","2026-09-12","passed","2026-09-12","","test_documented_operations","",""
"","26","test_documented_operation_exists[v1-GET-/migration/vikunja-file/status]","tests.api.contracts","2026-09-12","passed","2026-09-12","","test_documented_operations","",""
"","9","test_operation_demands_a_credential[v1-GET-/projects/{project}/tasks/by-index/{index}]","tests.api.authorization","2026-09-12","passed","2026-09-12","","test_credentials_required","",""
"","9","test_operation_demands_a_credential[v2-POST-/user/settings/token/caldav]","tests.api.authorization","2026-09-12","passed","2026-09-12","","test_credentials_required","",""
"","12","test_operation_demands_a_credential[v1-GET-/migration/ticktick/status]","tests.api.authorization","2026-09-12","passed","2026-09-12","","test_credentials_required","",""
"","3","test_documented_operation_exists[v2-POST-/admin/users]","tests.api.contracts","2026-09-12","passed","2026-09-12","","test_documented_operations","",""
"","5","test_operation_demands_a_credential[v1-PUT-/migration/ticktick/migrate]","tests.api.authorization","2026-09-12","passed","2026-09-12","","test_credentials_required","",""
"","4","test_operation_demands_a_credential[v2-GET-/user/bots]","tests.api.authorization","2026-09-12","passed","2026-09-12","","test_credentials_required","",""
"","7","test_documented_operation_exists[v2-POST-/tasks/{task}/attachments]","tests.api.contracts","2026-09-12","passed","2026-09-12","","test_documented_operations","",""
"","7","test_documented_operation_exists[v2-GET-/tasks/{projecttask}/assignees]","tests.api.contracts","2026-09-12","passed","2026-09-12","","test_documented_operations","",""
"","2","test_documented_operation_exists[v1-GET-/teams/{id}]","tests.api.contracts","2026-09-12","passed","2026-09-12","","test_documented_operations","",""
"","3","test_documented_operation_exists[v2-DELETE-/notifications]","tests.api.contracts","2026-09-12","passed","2026-09-12","","test_documented_operations","",""
"","230","test_a_task_created_over_the_api_appears_in_the_calendar","tests.api.calendar","2026-09-12","passed","2026-09-12","","test_two_doors","",""
"","76","test_a_scoped_token_reaches_what_it_was_granted[teams-read_all]","tests.api.authorization","2026-09-12","passed","2026-09-12","","test_token_scopes","",""
"","3","test_documented_operation_exists[v1-GET-/projects/{id}]","tests.api.contracts","2026-09-12","passed","2026-09-12","","test_documented_operations","",""
"","8","test_reading_a_task[anon]","tests.api.authorization","2026-09-12","passed","2026-09-12","","test_access_matrix","",""
"","16","test_documented_operation_exists[v2-GET-/info]","tests.api.contracts","2026-09-12","passed","2026-09-12","","test_documented_operations","",""
"","31","test_documented_operation_exists[v2-GET-/projects/{project}/views/{view}]","tests.api.contracts","2026-09-12","passed","2026-09-12","","test_documented_operations","",""
"","6","test_documented_operation_exists[v1-DELETE-/projects/{projectID}/views/{view}/buckets/{bucketID}]","tests.api.contracts","2026-09-12","passed","2026-09-12","","test_documented_operations","",""
"","3","test_documented_operation_exists[v2-POST-/login]","tests.api.contracts","2026-09-12","passed","2026-09-12","","test_documented_operations","",""
"","2","test_documented_operation_exists[v1-GET-/admin/users]","tests.api.contracts","2026-09-12","passed","2026-09-12","","test_documented_operations","",""
"","12","test_operation_demands_a_credential[v2-POST-/user/deletion/confirm]","tests.api.authorization","2026-09-12","passed","2026-09-12","","test_credentials_required","",""
"","5","test_documented_operation_exists[v2-GET-/projects/{project_id}/time-entries]","tests.api.contracts","2026-09-12","passed","2026-09-12","","test_documented_operations","",""
"","2","test_documented_operation_exists[v2-POST-/user/settings/webhooks]","tests.api.contracts","2026-09-12","passed","2026-09-12","","test_documented_operations","",""
"","10","test_documented_operation_exists[v2-POST-/oauth/token]","tests.api.contracts","2026-09-12","passed","2026-09-12","","test_documented_operations","",""
"","22","test_documented_operation_exists[v1-GET-/tasks/{task}/labels]","tests.api.contracts","2026-09-12","passed","2026-09-12","","test_documented_operations","",""
"","5","test_operation_demands_a_credential[v1-GET-/user/settings/totp]","tests.api.authorization","2026-09-12","passed","2026-09-12","","test_credentials_required","",""
"","4","test_documented_operation_exists[v2-GET-/labels]","tests.api.contracts","2026-09-12","passed","2026-09-12","","test_documented_operations","",""
"","14","test_operation_demands_a_credential[v2-GET-/tasks/{task}/attachments/{attachment}]","tests.api.authorization","2026-09-12","passed","2026-09-12","","test_credentials_required","",""
"","14","test_operation_demands_a_credential[v2-PUT-/user/settings/avatar/provider]","tests.api.authorization","2026-09-12","passed","2026-09-12","","test_credentials_required","",""
"","3","test_documented_operation_exists[v1-POST-/auth/openid/{provider}/callback]","tests.api.contracts","2026-09-12","passed","2026-09-12","","test_documented_operations","",""
"","15","test_operation_demands_a_credential[v1-GET-/labels]","tests.api.authorization","2026-09-12","passed","2026-09-12","","test_credentials_required","",""
"","2","test_documented_operation_exists[v2-POST-/user/token/refresh]","tests.api.contracts","2026-09-12","passed","2026-09-12","","test_documented_operations","",""
"","7","test_operation_demands_a_credential[v2-POST-/user/bots]","tests.api.authorization","2026-09-12","passed","2026-09-12","","test_credentials_required","",""
"","3","test_documented_operation_exists[v2-GET-/{entitykind}/{entityid}/reactions]","tests.api.contracts","2026-09-12","passed","2026-09-12","","test_documented_operations","",""
"","5","test_documented_operation_exists[v2-DELETE-/projects/{project}/teams/{team}]","tests.api.contracts","2026-09-12","passed","2026-09-12","","test_documented_operations","",""
"","2622","test_the_interface_follows_the_browser_language[chromium-ru-RU]","tests.ui.localisation","2026-09-12","passed","2026-09-12","","test_languages","",""
"","13","test_operation_demands_a_credential[v2-DELETE-/projects/{project}/webhooks/{webhook}]","tests.api.authorization","2026-09-12","passed","2026-09-12","","test_credentials_required","",""
"","2","test_documented_operation_exists[v2-POST-/tokens]","tests.api.contracts","2026-09-12","passed","2026-09-12","","test_documented_operations","",""
"","11","test_documented_operation_exists[v2-POST-/migration/csv/detect]","tests.api.contracts","2026-09-12","passed","2026-09-12","","test_documented_operations","",""
"","8","test_documented_operation_exists[v2-PUT-/user/bots/{bot}]","tests.api.contracts","2026-09-12","passed","2026-09-12","","test_documented_operations","",""
"","10","test_operation_demands_a_credential[v1-GET-/projects/{project}/shares]","tests.api.authorization","2026-09-12","passed","2026-09-12","","test_credentials_required","",""
"","5","test_documented_operation_exists[v1-POST-/user/deletion/confirm]","tests.api.contracts","2026-09-12","passed","2026-09-12","","test_documented_operations","",""
"","20","test_operation_demands_a_credential[v1-POST-/projects/{projectID}/views/{view}/buckets/{bucketID}]","tests.api.authorization","2026-09-12","passed","2026-09-12","","test_credentials_required","",""
"","10","test_operation_demands_a_credential[v1-POST-/user/token]","tests.api.authorization","2026-09-12","passed","2026-09-12","","test_credentials_required","",""
"","56","test_a_project_that_exists_is_indistinguishable_from_one_that_does_not","tests.api.authorization","2026-09-12","skipped","2026-09-12","","test_existence_disclosure","",""
"An API token is shown once and must be unrecoverable afterwards.","135","test_a_token_is_never_stored_in_the_clear","tests.api.integrity","2026-09-12","passed","2026-09-12","","test_data_integrity","",""
"The username in the Basic header must be the token owner's. Otherwise
the header claims one account while the token acts for another.","1244","test_an_api_token_is_refused_under_another_accounts_username","tests.api.calendar","2026-09-12","passed","2026-09-12","","test_calendar_access","",""
"","52","test_operation_demands_a_credential[v1-POST-/shares/{share}/auth]","tests.api.authorization","2026-09-12","passed","2026-09-12","","test_credentials_required","",""
"","9","test_documented_operation_exists[v1-PUT-/tasks/{task}/labels]","tests.api.contracts","2026-09-12","passed","2026-09-12","","test_documented_operations","",""
"","26","test_deleting_a_task[teammate]","tests.api.authorization","2026-09-12","passed","2026-09-12","","test_access_matrix","",""
"","4","test_documented_operation_exists[v1-POST-/admin/users]","tests.api.contracts","2026-09-12","passed","2026-09-12","","test_documented_operations","",""
"","132","test_a_scoped_token_reaches_what_it_was_granted[projects_views-read_all]","tests.api.authorization","2026-09-12","passed","2026-09-12","","test_token_scopes","",""
"","3","test_operation_demands_a_credential[v1-DELETE-/tasks/{taskID}/comments/{commentID}]","tests.api.authorization","2026-09-12","passed","2026-09-12","","test_credentials_required","",""
"","25","test_operation_demands_a_credential[v1-GET-/filters/{id}]","tests.api.authorization","2026-09-12","passed","2026-09-12","","test_credentials_required","",""
"","2","test_documented_operation_exists[v2-POST-/labels]","tests.api.contracts","2026-09-12","passed","2026-09-12","","test_documented_operations","",""
"","5","test_documented_operation_exists[v2-POST-/token/test]","tests.api.contracts","2026-09-12","passed","2026-09-12","","test_documented_operations","",""
"","12","test_operation_demands_a_credential[v1-DELETE-/user/settings/token/caldav/{id}]","tests.api.authorization","2026-09-12","passed","2026-09-12","","test_credentials_required","",""
"","23","test_documented_operation_exists[v2-DELETE-/user/settings/email]","tests.api.contracts","2026-09-12","passed","2026-09-12","","test_documented_operations","",""
"","5","test_operation_demands_a_credential[v1-GET-/user/settings/totp/qrcode]","tests.api.authorization","2026-09-12","passed","2026-09-12","","test_credentials_required","",""
"","6","test_operation_demands_a_credential[v1-GET-/projects/{id}/teams]","tests.api.authorization","2026-09-12","passed","2026-09-12","","test_credentials_required","",""
"","19","test_documented_operation_exists[v2-GET-/migration/wekan/status]","tests.api.contracts","2026-09-12","passed","2026-09-12","","test_documented_operations","",""
"","5","test_operation_demands_a_credential[v1-POST-/login]","tests.api.authorization","2026-09-12","passed","2026-09-12","","test_credentials_required","",""
"","14","test_operation_demands_a_credential[v1-DELETE-/user/settings/webhooks/{id}]","tests.api.authorization","2026-09-12","passed","2026-09-12","","test_credentials_required","",""
"Compared byte for byte, including bytes that are not text, since a
payload that only survives as text has not really survived.","406","test_an_attachment_survives_a_round_trip","tests.api.side_effects","2026-09-12","passed","2026-09-12","","test_object_storage","",""
"","11","test_operation_demands_a_credential[v1-POST-/projects/{project}/views/{id}]","tests.api.authorization","2026-09-12","passed","2026-09-12","","test_credentials_required","",""
"","10","test_documented_operation_exists[v1-DELETE-/user/settings/token/caldav/{id}]","tests.api.contracts","2026-09-12","passed","2026-09-12","","test_documented_operations","",""
"","7","test_documented_operation_exists[v2-GET-/user/settings/token/caldav]","tests.api.contracts","2026-09-12","passed","2026-09-12","","test_documented_operations","",""
"","35","test_operation_demands_a_credential[v1-POST-/projects/{project}/views/{view}/buckets/{bucket}/tasks]","tests.api.authorization","2026-09-12","passed","2026-09-12","","test_credentials_required","",""
"","7","test_operation_demands_a_credential[v1-GET-/migration/vikunja-file/status]","tests.api.authorization","2026-09-12","passed","2026-09-12","","test_credentials_required","",""
"","2","test_documented_operation_exists[v1-DELETE-/user/settings/webhooks/{id}]","tests.api.contracts","2026-09-12","passed","2026-09-12","","test_documented_operations","",""
"","17","test_documented_operation_exists[v2-GET-/token/test]","tests.api.contracts","2026-09-12","passed","2026-09-12","","test_documented_operations","",""
"","25","test_operation_demands_a_credential[v1-POST-/user/deletion/cancel]","tests.api.authorization","2026-09-12","passed","2026-09-12","","test_credentials_required","",""
"","30","test_updating_a_task[outsider]","tests.api.authorization","2026-09-12","passed","2026-09-12","","test_access_matrix","",""
"","15","test_documented_operation_exists[v2-GET-/user/bots]","tests.api.contracts","2026-09-12","passed","2026-09-12","","test_documented_operations","",""
"","2","test_documented_operation_exists[v1-POST-/user/settings/totp/disable]","tests.api.contracts","2026-09-12","passed","2026-09-12","","test_documented_operations","",""
"","21","test_operation_demands_a_credential[v1-POST-/migration/trello/migrate]","tests.api.authorization","2026-09-12","skipped","2026-09-12","","test_credentials_required","",""
"","3","test_operation_demands_a_credential[v2-PUT-/filters/{filter}]","tests.api.authorization","2026-09-12","passed","2026-09-12","","test_credentials_required","",""
"Every account in the suite walks this path, so when it breaks it
explains a failure everywhere else; worth knowing first.","18","test_registration_sends_a_confirmation_message","tests.api.side_effects","2026-09-12","passed","2026-09-12","","test_mail","",""
"","6","test_documented_operation_exists[v1-GET-/user]","tests.api.contracts","2026-09-12","passed","2026-09-12","","test_documented_operations","",""
"","5","test_documented_operation_exists[v2-POST-/tasks/{task}/relations]","tests.api.contracts","2026-09-12","passed","2026-09-12","","test_documented_operations","",""
"","18","test_documented_operation_exists[v2-DELETE-/tasks/{task}/relations/{relationKind}/{otherTask}]","tests.api.contracts","2026-09-12","passed","2026-09-12","","test_documented_operations","",""
"Granting one action in an area must not grant the rest of it: the
check that would catch a scope widened by accident.","88","test_a_scoped_token_is_refused_its_siblings[projects_teams-read_all]","tests.api.authorization","2026-09-12","passed","2026-09-12","","test_token_scopes","",""
"","6","test_operation_demands_a_credential[v1-POST-/auth/openid/{provider}/callback]","tests.api.authorization","2026-09-12","passed","2026-09-12","","test_credentials_required","",""
"","3","test_operation_demands_a_credential[v1-DELETE-/tasks/{taskID}/assignees/{userID}]","tests.api.authorization","2026-09-12","passed","2026-09-12","","test_credentials_required","",""
"","2","test_documented_operation_exists[v2-POST-/user/settings/totp/enroll]","tests.api.contracts","2026-09-12","passed","2026-09-12","","test_documented_operations","",""
"","6","test_documented_operation_exists[v1-GET-/webhooks/events]","tests.api.contracts","2026-09-12","passed","2026-09-12","","test_documented_operations","",""
"Granting one action in an area must not grant the rest of it: the
check that would catch a scope widened by accident.","182","test_a_scoped_token_is_refused_its_siblings[projects_views-read_all]","tests.api.authorization","2026-09-12","passed","2026-09-12","","test_token_scopes","",""
"","12","test_operation_demands_a_credential[v1-GET-/migration/todoist/status]","tests.api.authorization","2026-09-12","skipped","2026-09-12","","test_credentials_required","",""
"","42","test_operation_demands_a_credential[v2-POST-/notifications]","tests.api.authorization","2026-09-12","passed","2026-09-12","","test_credentials_required","",""
"","20","test_documented_operation_exists[v2-PUT-/teams/{id}]","tests.api.contracts","2026-09-12","passed","2026-09-12","","test_documented_operations","",""
"","13","test_operation_demands_a_credential[v1-POST-/user/export/request]","tests.api.authorization","2026-09-12","passed","2026-09-12","","test_credentials_required","",""
"","12","test_operation_demands_a_credential[v1-POST-/{kind}/{id}/reactions/delete]","tests.api.authorization","2026-09-12","passed","2026-09-12","","test_credentials_required","",""
"","12","test_operation_demands_a_credential[v1-POST-/user/token/refresh]","tests.api.authorization","2026-09-12","passed","2026-09-12","","test_credentials_required","",""
"","16","test_documented_operation_exists[v1-PUT-/migration/csv/migrate]","tests.api.contracts","2026-09-12","passed","2026-09-12","","test_documented_operations","",""
"","6","test_documented_operation_exists[v2-PUT-/tasks/{projecttask}/labels/bulk]","tests.api.contracts","2026-09-12","passed","2026-09-12","","test_documented_operations","",""
"","39","test_deleting_a_task[reader]","tests.api.authorization","2026-09-12","passed","2026-09-12","","test_access_matrix","",""
"","5","test_documented_operation_exists[v1-POST-/projects/{project}/views/{view}/buckets/{bucket}/tasks]","tests.api.contracts","2026-09-12","passed","2026-09-12","","test_documented_operations","",""
"","116","test_a_scoped_token_reaches_what_it_was_granted[projects_users-read_all]","tests.api.authorization","2026-09-12","passed","2026-09-12","","test_token_scopes","",""
"","8","test_operation_demands_a_credential[v2-POST-/user/token/refresh]","tests.api.authorization","2026-09-12","passed","2026-09-12","","test_credentials_required","",""
"","193","test_creating_a_task_delivers_a_webhook","tests.api.side_effects","2026-09-12","passed","2026-09-12","","test_webhooks","",""
"","16","test_documented_operation_exists[v2-PATCH-/admin/users/{id}/status]","tests.api.contracts","2026-09-12","passed","2026-09-12","","test_documented_operations","",""
"","15","test_operation_demands_a_credential[v1-POST-/user/confirm]","tests.api.authorization","2026-09-12","passed","2026-09-12","","test_credentials_required","",""
"","19","test_documented_operation_exists[v1-DELETE-/projects/{project}/views/{id}]","tests.api.contracts","2026-09-12","passed","2026-09-12","","test_documented_operations","",""
"","17","test_operation_demands_a_credential[v2-POST-/tasks/{task}/attachments]","tests.api.authorization","2026-09-12","passed","2026-09-12","","test_credentials_required","",""
"","19","test_operation_demands_a_credential[v2-POST-/projects/{project}/teams]","tests.api.authorization","2026-09-12","passed","2026-09-12","","test_credentials_required","",""
"","3","test_documented_operation_exists[v2-GET-/tokens]","tests.api.contracts","2026-09-12","passed","2026-09-12","","test_documented_operations","",""
"","4","test_documented_operation_exists[v2-POST-/user/deletion/confirm]","tests.api.contracts","2026-09-12","passed","2026-09-12","","test_documented_operations","",""
"","54","test_documented_operation_exists[v1-POST-/shares/{share}/auth]","tests.api.contracts","2026-09-12","passed","2026-09-12","","test_documented_operations","",""
"","8","test_the_stand_reports_itself_healthy","tests.api.framework","2026-09-12","passed","2026-09-12","","test_stand","",""
"","3","test_documented_operation_exists[v1-POST-/notifications/{id}]","tests.api.contracts","2026-09-12","passed","2026-09-12","","test_documented_operations","",""
"","3","test_documented_operation_exists[v2-POST-/user/deletion/cancel]","tests.api.contracts","2026-09-12","passed","2026-09-12","","test_documented_operations","",""
"","26","test_documented_operation_exists[v1-PUT-/user/settings/avatar/upload]","tests.api.contracts","2026-09-12","passed","2026-09-12","","test_documented_operations","",""
"","2","test_documented_operation_exists[v2-GET-/migration/csv/status]","tests.api.contracts","2026-09-12","passed","2026-09-12","","test_documented_operations","",""
"","25","test_validation_answers_with_different_statuses","tests.api.contracts","2026-09-12","passed","2026-09-12","TestDeliberateDifferences","test_cross_version","",""
"","3","test_documented_operation_exists[v2-POST-/user/settings/token/caldav]","tests.api.contracts","2026-09-12","passed","2026-09-12","","test_documented_operations","",""
"","3","test_documented_operation_exists[v1-DELETE-/filters/{id}]","tests.api.contracts","2026-09-12","passed","2026-09-12","","test_documented_operations","",""
"","5","test_operation_demands_a_credential[v1-GET-/user/settings/webhooks]","tests.api.authorization","2026-09-12","passed","2026-09-12","","test_credentials_required","",""
"","9","test_operation_demands_a_credential[v1-GET-/projects/{project}/shares/{share}]","tests.api.authorization","2026-09-12","passed","2026-09-12","","test_credentials_required","",""
"","5","test_documented_operation_exists[v2-GET-/projects/{project}/users/search]","tests.api.contracts","2026-09-12","passed","2026-09-12","","test_documented_operations","",""
"","21","test_operation_demands_a_credential[v1-PUT-/projects/{projectID}/duplicate]","tests.api.authorization","2026-09-12","passed","2026-09-12","","test_credentials_required","",""
"","6","test_documented_operation_exists[v2-POST-/projects/{project}/shares]","tests.api.contracts","2026-09-12","passed","2026-09-12","","test_documented_operations","",""
"","13","test_operation_demands_a_credential[v1-GET-/{kind}/{id}/reactions]","tests.api.authorization","2026-09-12","passed","2026-09-12","","test_credentials_required","",""
"","11","test_documented_operation_exists[v2-GET-/user]","tests.api.contracts","2026-09-12","passed","2026-09-12","","test_documented_operations","",""
"","7","test_documented_operation_exists[v1-PATCH-/admin/users/{id}/admin]","tests.api.contracts","2026-09-12","passed","2026-09-12","","test_documented_operations","",""
"","6","test_documented_operation_exists[v1-PUT-/tasks/{taskID}/relations]","tests.api.contracts","2026-09-12","passed","2026-09-12","","test_documented_operations","",""
"","10","test_documented_operation_exists[v2-DELETE-/user/sessions/{session}]","tests.api.contracts","2026-09-12","passed","2026-09-12","","test_documented_operations","",""
"","17","test_documented_operation_exists[v1-DELETE-/projects/{id}/webhooks/{webhookID}]","tests.api.contracts","2026-09-12","passed","2026-09-12","","test_documented_operations","",""
"Granting one action in an area must not grant the rest of it: the
check that would catch a scope widened by accident.","146","test_a_scoped_token_is_refused_its_siblings[teams-read_all]","tests.api.authorization","2026-09-12","passed","2026-09-12","","test_token_scopes","",""
"","10","test_operation_demands_a_credential[v2-GET-/user/timezones]","tests.api.authorization","2026-09-12","passed","2026-09-12","","test_credentials_required","",""
"","4","test_documented_operation_exists[v2-GET-/user/settings/totp/qrcode]","tests.api.contracts","2026-09-12","passed","2026-09-12","","test_documented_operations","",""
"","24","test_operation_demands_a_credential[v2-PATCH-/user/settings/avatar/provider]","tests.api.authorization","2026-09-12","passed","2026-09-12","","test_credentials_required","",""
"","10","test_operation_demands_a_credential[v2-POST-/tasks/{task}/comments]","tests.api.authorization","2026-09-12","passed","2026-09-12","","test_credentials_required","",""
"","3","test_operation_demands_a_credential[v2-DELETE-/projects/{project}/views/{view}/buckets/{bucket}]","tests.api.authorization","2026-09-12","passed","2026-09-12","","test_credentials_required","",""
"","2","test_documented_operation_exists[v1-GET-/migration/ticktick/status]","tests.api.contracts","2026-09-12","passed","2026-09-12","","test_documented_operations","",""
"","2","test_documented_operation_exists[v2-POST-/user/settings/totp/disable]","tests.api.contracts","2026-09-12","passed","2026-09-12","","test_documented_operations","",""
"","3","test_documented_operation_exists[v2-POST-/user/token]","tests.api.contracts","2026-09-12","passed","2026-09-12","","test_documented_operations","",""
"","8","test_operation_demands_a_credential[v2-POST-/tasks/{projecttask}/assignees]","tests.api.authorization","2026-09-12","passed","2026-09-12","","test_credentials_required","",""
"","24","test_operation_demands_a_credential[v1-POST-/user/password]","tests.api.authorization","2026-09-12","passed","2026-09-12","","test_credentials_required","",""
"","16","test_operation_demands_a_credential[v2-GET-/{entitykind}/{entityid}/reactions]","tests.api.authorization","2026-09-12","passed","2026-09-12","","test_credentials_required","",""
"","5","test_documented_operation_exists[v1-PUT-/teams/{id}/members]","tests.api.contracts","2026-09-12","passed","2026-09-12","","test_documented_operations","",""
"","3","test_documented_operation_exists[v1-GET-/users]","tests.api.contracts","2026-09-12","passed","2026-09-12","","test_documented_operations","",""
"","4","test_operation_demands_a_credential[v2-GET-/tasks/{projecttask}/assignees]","tests.api.authorization","2026-09-12","passed","2026-09-12","","test_credentials_required","",""
"","3","test_documented_operation_exists[v2-GET-/users]","tests.api.contracts","2026-09-12","passed","2026-09-12","","test_documented_operations","",""
"","21","test_operation_demands_a_credential[v1-GET-/{username}/avatar]","tests.api.authorization","2026-09-12","skipped","2026-09-12","","test_credentials_required","",""
"","4","test_operation_demands_a_credential[v2-PUT-/notifications/{notificationid}]","tests.api.authorization","2026-09-12","passed","2026-09-12","","test_credentials_required","",""
"","2","test_documented_operation_exists[v1-GET-/teams]","tests.api.contracts","2026-09-12","passed","2026-09-12","","test_documented_operations","",""
"","4","test_documented_operation_exists[v2-DELETE-/projects/{id}]","tests.api.contracts","2026-09-12","passed","2026-09-12","","test_documented_operations","",""
"","9","test_documented_operation_exists[v2-GET-/tasks]","tests.api.contracts","2026-09-12","passed","2026-09-12","","test_documented_operations","",""
"","93","test_documented_operation_exists[v1-POST-/tasks/{id}/position]","tests.api.contracts","2026-09-12","passed","2026-09-12","","test_documented_operations","",""
"","5","test_operation_demands_a_credential[v2-GET-/projects/{project}/views/{view}/tasks]","tests.api.authorization","2026-09-12","passed","2026-09-12","","test_credentials_required","",""
"","19","test_documented_operation_exists[v1-POST-/user/export/download]","tests.api.contracts","2026-09-12","passed","2026-09-12","","test_documented_operations","",""
"","3","test_documented_operation_exists[v1-PUT-/tasks/{taskID}/duplicate]","tests.api.contracts","2026-09-12","passed","2026-09-12","","test_documented_operations","",""
"","11","test_operation_demands_a_credential[v1-PUT-/projects/{project}/views]","tests.api.authorization","2026-09-12","passed","2026-09-12","","test_credentials_required","",""
"","5","test_documented_operation_exists[v1-GET-/migration/microsoft-todo/auth]","tests.api.contracts","2026-09-12","passed","2026-09-12","","test_documented_operations","",""
"","107","test_reading_a_task[admin]","tests.api.authorization","2026-09-12","passed","2026-09-12","","test_access_matrix","",""
"","46","test_updating_a_task[owner]","tests.api.authorization","2026-09-12","passed","2026-09-12","","test_access_matrix","",""
"","94","test_reading_a_task_is_decided_the_same_way[outsider]","tests.api.contracts","2026-09-12","passed","2026-09-12","TestTheSameDecision","test_cross_version","",""
"","6","test_documented_operation_exists[v1-POST-/user/confirm]","tests.api.contracts","2026-09-12","passed","2026-09-12","","test_documented_operations","",""
"","12","test_operation_demands_a_credential[v2-DELETE-/admin/users/{id}]","tests.api.authorization","2026-09-12","passed","2026-09-12","","test_credentials_required","",""
"","5","test_documented_operation_exists[v2-DELETE-/projects/{project}/background]","tests.api.contracts","2026-09-12","passed","2026-09-12","","test_documented_operations","",""
"","7","test_operation_demands_a_credential[v2-PATCH-/user/bots/{bot}]","tests.api.authorization","2026-09-12","passed","2026-09-12","","test_credentials_required","",""
"","4","test_documented_operation_exists[v1-POST-/notifications]","tests.api.contracts","2026-09-12","passed","2026-09-12","","test_documented_operations","",""
"","5","test_operation_demands_a_credential[v1-POST-/user/settings/totp/disable]","tests.api.authorization","2026-09-12","passed","2026-09-12","","test_credentials_required","",""
"","15","test_operation_demands_a_credential[v1-GET-/projects/{project}/views/{id}]","tests.api.authorization","2026-09-12","passed","2026-09-12","","test_credentials_required","",""
"","7","test_operation_demands_a_credential[v1-PUT-/{kind}/{id}/reactions]","tests.api.authorization","2026-09-12","passed","2026-09-12","","test_credentials_required","",""
"","7","test_operation_demands_a_credential[v1-DELETE-/projects/{projectID}/views/{view}/buckets/{bucketID}]","tests.api.authorization","2026-09-12","passed","2026-09-12","","test_credentials_required","",""
"The property the whole isolation strategy rests on: separate
accounts cannot see each other's projects.","2021","test_two_actors_are_isolated","tests.api.framework","2026-09-12","passed","2026-09-12","","test_transport","",""
"","9","test_documented_operation_exists[v2-PUT-/filters/{filter}]","tests.api.contracts","2026-09-12","passed","2026-09-12","","test_documented_operations","",""
"","397","test_a_task_created_on_one_version_is_listed_by_the_other","tests.api.contracts","2026-09-12","passed","2026-09-12","TestWrittenHereReadThere","test_cross_version","",""
"","5","test_operation_demands_a_credential[v2-POST-/user/settings/totp/enroll]","tests.api.authorization","2026-09-12","passed","2026-09-12","","test_credentials_required","",""
"","3","test_documented_operation_exists[v2-PUT-/projects/{id}]","tests.api.contracts","2026-09-12","passed","2026-09-12","","test_documented_operations","",""
"","8","test_documented_operation_exists[v1-POST-/projects/{projectID}/users/{userID}]","tests.api.contracts","2026-09-12","passed","2026-09-12","","test_documented_operations","",""
"","8","test_operation_demands_a_credential[v2-POST-/projects/{project}/users]","tests.api.authorization","2026-09-12","passed","2026-09-12","","test_credentials_required","",""
"","5","test_operation_demands_a_credential[v1-PUT-/tasks/{id}/attachments]","tests.api.authorization","2026-09-12","passed","2026-09-12","","test_credentials_required","",""
"","12","test_operation_demands_a_credential[v1-PUT-/tasks/{task}/labels]","tests.api.authorization","2026-09-12","passed","2026-09-12","","test_credentials_required","",""
"","3","test_documented_operation_exists[v2-PUT-/projects/{project}/backgrounds/upload]","tests.api.contracts","2026-09-12","passed","2026-09-12","","test_documented_operations","",""
"","21","test_operation_demands_a_credential[v2-GET-/time-entries]","tests.api.authorization","2026-09-12","passed","2026-09-12","","test_credentials_required","",""
"","12","test_operation_demands_a_credential[v2-PUT-/projects/{project}/backgrounds/upload]","tests.api.authorization","2026-09-12","passed","2026-09-12","","test_credentials_required","",""
"","7","test_operation_demands_a_credential[v2-PUT-/projects/{project}/webhooks/{webhook}]","tests.api.authorization","2026-09-12","passed","2026-09-12","","test_credentials_required","",""
"","9","test_documented_operation_exists[v2-PATCH-/projects/{id}]","tests.api.contracts","2026-09-12","passed","2026-09-12","","test_documented_operations","",""
"","13","test_operation_demands_a_credential[v2-DELETE-/teams/{team}/members/{user}]","tests.api.authorization","2026-09-12","passed","2026-09-12","","test_credentials_required","",""
"","3","test_documented_operation_exists[v2-POST-/user/settings/email/resend]","tests.api.contracts","2026-09-12","passed","2026-09-12","","test_documented_operations","",""
"","17","test_operation_demands_a_credential[v2-GET-/user/settings/webhooks]","tests.api.authorization","2026-09-12","passed","2026-09-12","","test_credentials_required","",""
"","4","test_operation_demands_a_credential[v2-GET-/migration/ticktick/status]","tests.api.authorization","2026-09-12","passed","2026-09-12","","test_credentials_required","",""
"","3","test_documented_operation_exists[v2-PATCH-/tasks/{projecttask}]","tests.api.contracts","2026-09-12","passed","2026-09-12","","test_documented_operations","",""
"","7","test_operation_demands_a_credential[v2-GET-/projects/{project}/tasks/by-index/{index}]","tests.api.authorization","2026-09-12","passed","2026-09-12","","test_credentials_required","",""
"","2","test_operation_demands_a_credential[v2-POST-/projects/{project}/webhooks]","tests.api.authorization","2026-09-12","passed","2026-09-12","","test_credentials_required","",""
"","13","test_operation_demands_a_credential[v2-POST-/user/deletion/cancel]","tests.api.authorization","2026-09-12","passed","2026-09-12","","test_credentials_required","",""
"","10","test_documented_operation_exists[v2-GET-/user/settings/webhooks]","tests.api.contracts","2026-09-12","passed","2026-09-12","","test_documented_operations","",""
"","17","test_documented_operation_exists[v2-POST-/migration/planka/migrate]","tests.api.contracts","2026-09-12","passed","2026-09-12","","test_documented_operations","",""
"","12","test_documented_operation_exists[v2-GET-/migration/planka/status]","tests.api.contracts","2026-09-12","passed","2026-09-12","","test_documented_operations","",""
"The flag that makes the product emit its test attributes.

The production build strips them unless a runner injects it. If the
injection ever stopped working, every attribute-based selector would
fail at once; better to learn that here, with a message that says so.
","2043","test_the_testing_flag_reaches_the_application[chromium]","tests.ui.framework","2026-09-12","passed","2026-09-12","","test_session","",""
"","14","test_operation_demands_a_credential[v2-POST-/admin/users/{id}/password-reset-email]","tests.api.authorization","2026-09-12","passed","2026-09-12","","test_credentials_required","",""
"","4","test_documented_operation_exists[v2-GET-/tasks/{projecttask}/labels]","tests.api.contracts","2026-09-12","passed","2026-09-12","","test_documented_operations","",""
"","1712","test_a_stranger_cannot_read_someone_elses_calendar","tests.api.calendar","2026-09-12","passed","2026-09-12","","test_calendar_access","",""
"","161","test_a_non_latin_title_from_the_api_reads_back_unchanged_in_the_calendar","tests.api.calendar","2026-09-12","passed","2026-09-12","","test_two_doors","",""
"","2","test_documented_operation_exists[v1-GET-/projects/{id}/views/{view}/buckets]","tests.api.contracts","2026-09-12","passed","2026-09-12","","test_documented_operations","",""
"","6","test_documented_operation_exists[v1-GET-/projects/{id}/views/{view}/tasks]","tests.api.contracts","2026-09-12","passed","2026-09-12","","test_documented_operations","",""
"Granting one action in an area must not grant the rest of it: the
check that would catch a scope widened by accident.","73","test_a_scoped_token_is_refused_its_siblings[tasks_attachments-read_all]","tests.api.authorization","2026-09-12","passed","2026-09-12","","test_token_scopes","",""
"","4","test_operation_demands_a_credential[v1-PUT-/migration/csv/preview]","tests.api.authorization","2026-09-12","passed","2026-09-12","","test_credentials_required","",""
"","72","test_updating_a_task[teammate]","tests.api.authorization","2026-09-12","passed","2026-09-12","","test_access_matrix","",""
"","21","test_documented_operation_exists[v1-GET-/projects/{project}/tasks/by-index/{index}]","tests.api.contracts","2026-09-12","passed","2026-09-12","","test_documented_operations","",""
"","14","test_operation_demands_a_credential[v2-GET-/token/test]","tests.api.authorization","2026-09-12","passed","2026-09-12","","test_credentials_required","",""
"","8","test_documented_operation_exists[v1-POST-/user/logout]","tests.api.contracts","2026-09-12","passed","2026-09-12","","test_documented_operations","",""
"The API side of the same rule.","68","test_reading_a_token_back_never_returns_the_secret","tests.api.integrity","2026-09-12","passed","2026-09-12","","test_data_integrity","",""
"","9","test_documented_operation_exists[v1-POST-/teams/{id}]","tests.api.contracts","2026-09-12","passed","2026-09-12","","test_documented_operations","",""
"","60","test_a_scoped_token_reaches_what_it_was_granted[reactions-read_all]","tests.api.authorization","2026-09-12","passed","2026-09-12","","test_token_scopes","",""
"","3","test_documented_operation_exists[v2-POST-/subscriptions/{entity}/{entityID}]","tests.api.contracts","2026-09-12","passed","2026-09-12","","test_documented_operations","",""
"","20","test_operation_demands_a_credential[v2-GET-/info]","tests.api.authorization","2026-09-12","passed","2026-09-12","","test_credentials_required","",""
"","8","test_documented_operation_exists[v1-GET-/migration/wekan/status]","tests.api.contracts","2026-09-12","passed","2026-09-12","","test_documented_operations","",""
"","6","test_operation_demands_a_credential[v2-POST-/labels]","tests.api.authorization","2026-09-12","passed","2026-09-12","","test_credentials_required","",""
"","9","test_documented_operation_exists[v2-POST-/migration/csv/migrate]","tests.api.contracts","2026-09-12","passed","2026-09-12","","test_documented_operations","",""
"","3","test_documented_operation_exists[v1-GET-/projects]","tests.api.contracts","2026-09-12","passed","2026-09-12","","test_documented_operations","",""
"","315","test_a_task_deleted_by_a_calendar_client_leaves_the_api","tests.api.calendar","2026-09-12","passed","2026-09-12","","test_two_doors","",""
"","2","test_operation_demands_a_credential[v2-GET-/tasks/{projecttask}/labels]","tests.api.authorization","2026-09-12","passed","2026-09-12","","test_credentials_required","",""
"","6","test_documented_operation_exists[v1-GET-/projects/{id}/projectusers]","tests.api.contracts","2026-09-12","passed","2026-09-12","","test_documented_operations","",""
"","10","test_documented_operation_exists[v1-POST-/tasks/{taskID}/comments/{commentID}]","tests.api.contracts","2026-09-12","passed","2026-09-12","","test_documented_operations","",""
"","13","test_documented_operation_exists[v1-POST-/tasks/{id}]","tests.api.contracts","2026-09-12","passed","2026-09-12","","test_documented_operations","",""
"","27","test_operation_demands_a_credential[v2-GET-/projects/{project}/shares/{share}]","tests.api.authorization","2026-09-12","passed","2026-09-12","","test_credentials_required","",""
"","3","test_documented_operation_exists[v2-GET-/webhooks/events]","tests.api.contracts","2026-09-12","passed","2026-09-12","","test_documented_operations","",""
"","2","test_operation_demands_a_credential[v1-DELETE-/projects/{id}]","tests.api.authorization","2026-09-12","passed","2026-09-12","","test_credentials_required","",""
"","6","test_documented_operation_exists[v2-PUT-/user/settings/general]","tests.api.contracts","2026-09-12","passed","2026-09-12","","test_documented_operations","",""
"","13","test_documented_operation_exists[v2-GET-/tasks/{task_id}/time-entries]","tests.api.contracts","2026-09-12","passed","2026-09-12","","test_documented_operations","",""
"Everyone short of an administrator is refused, a writer included.

Write on a project means write inside it, not power over it.
","12","test_deleting_a_project_is_refused[writer]","tests.api.authorization","2026-09-12","passed","2026-09-12","","test_access_matrix","",""
"","16","test_operation_demands_a_credential[v1-GET-/admin/projects]","tests.api.authorization","2026-09-12","passed","2026-09-12","","test_credentials_required","",""
"","5","test_operation_demands_a_credential[v2-GET-/health]","tests.api.authorization","2026-09-12","passed","2026-09-12","","test_credentials_required","",""
"","4","test_documented_operation_exists[v2-PUT-/user/settings/email]","tests.api.contracts","2026-09-12","passed","2026-09-12","","test_documented_operations","",""
"","9","test_operation_demands_a_credential[v2-DELETE-/projects/{project}/background]","tests.api.authorization","2026-09-12","passed","2026-09-12","","test_credentials_required","",""
"","7","test_operation_demands_a_credential[v2-GET-/projects/{project}/webhooks]","tests.api.authorization","2026-09-12","passed","2026-09-12","","test_credentials_required","",""
"","9","test_operation_demands_a_credential[v2-POST-/user/settings/email/resend]","tests.api.authorization","2026-09-12","passed","2026-09-12","","test_credentials_required","",""
"","16","test_operation_demands_a_credential[v2-POST-/user/settings/webhooks]","tests.api.authorization","2026-09-12","passed","2026-09-12","","test_credentials_required","",""
"Everyone short of an administrator is refused, a writer included.

Write on a project means write inside it, not power over it.
","4","test_deleting_a_project_is_refused[anon]","tests.api.authorization","2026-09-12","passed","2026-09-12","","test_access_matrix","",""
"","8","test_operation_demands_a_credential[v2-PATCH-/labels/{id}]","tests.api.authorization","2026-09-12","passed","2026-09-12","","test_credentials_required","",""
"","14","test_operation_demands_a_credential[v2-GET-/user/settings/totp/qrcode]","tests.api.authorization","2026-09-12","passed","2026-09-12","","test_credentials_required","",""
"CVE-2026-35601.

A line break in a task title used to end its SUMMARY line in the
calendar the product generates, so whatever followed became properties
of their own.

Read by the rules of RFC 5545 rather than by searching the text. A fixed
server still sends the characters `X-INJECTED`, escaped inside the one
SUMMARY value, and a text search would call it vulnerable. Only parsing
the content lines tells a forged property from text that looks like one.
","429","test_a_line_break_in_a_title_cannot_forge_calendar_properties","tests.api.regressions","2026-09-12","passed","2026-09-12","","test_published_vulnerabilities","",""
"","4","test_documented_operation_exists[v1-DELETE-/projects/{projectID}/teams/{teamID}]","tests.api.contracts","2026-09-12","passed","2026-09-12","","test_documented_operations","",""
"","480","test_the_calendar_refuses_a_caller_without_credentials","tests.api.calendar","2026-09-12","passed","2026-09-12","","test_calendar_access","",""
"","15","test_operation_demands_a_credential[v2-DELETE-/filters/{filter}]","tests.api.authorization","2026-09-12","passed","2026-09-12","","test_credentials_required","",""
"The suite pins its locale so text selectors never depend on the
machine running it. This proves the pin holds.","3701","test_english_is_the_pinned_default[chromium]","tests.ui.localisation","2026-09-12","passed","2026-09-12","","test_languages","",""
"","5","test_documented_operation_exists[v2-POST-/user/deletion/request]","tests.api.contracts","2026-09-12","passed","2026-09-12","","test_documented_operations","",""
"","5","test_operation_demands_a_credential[v2-PUT-/projects/{project}/views/{view}/buckets/{bucket}]","tests.api.authorization","2026-09-12","passed","2026-09-12","","test_credentials_required","",""
"CVE-2026-33678.

The read used to resolve an attachment by its own identifier alone,
without checking it belonged to the task in the path. So naming your
own task and someone else's attachment handed you their file.
","1351","test_an_attachment_cannot_be_read_through_someone_elses_task","tests.api.regressions","2026-09-12","passed","2026-09-12","","test_published_vulnerabilities","",""
"","10","test_operation_demands_a_credential[v2-GET-/tasks/{task}/comments]","tests.api.authorization","2026-09-12","passed","2026-09-12","","test_credentials_required","",""
"","2","test_documented_operation_exists[v1-GET-/backgrounds/unsplash/image/{image}]","tests.api.contracts","2026-09-12","passed","2026-09-12","","test_documented_operations","",""
"The one error path where both versions do carry a code, so the
migration from the flat v1 error to v2's problem document is checked
to have kept it.","28","test_an_absent_object_carries_the_same_code_on_both_versions","tests.api.contracts","2026-09-12","passed","2026-09-12","","test_error_codes","",""
"Guards against the generator silently producing nothing.","1","test_the_sweep_covers_both_descriptions","tests.api.authorization","2026-09-12","passed","2026-09-12","","test_credentials_required","",""
"","2","test_operation_demands_a_credential[v1-DELETE-/filters/{id}]","tests.api.authorization","2026-09-12","passed","2026-09-12","","test_credentials_required","",""
"","12","test_operation_demands_a_credential[v1-GET-/projects/{id}]","tests.api.authorization","2026-09-12","passed","2026-09-12","","test_credentials_required","",""
"","16","test_operation_demands_a_credential[v2-POST-/projects/{project}/tasks/bulk]","tests.api.authorization","2026-09-12","passed","2026-09-12","","test_credentials_required","",""
"","4","test_documented_operation_exists[v1-DELETE-/tokens/{tokenID}]","tests.api.contracts","2026-09-12","passed","2026-09-12","","test_documented_operations","",""
"","3","test_operation_demands_a_credential[v2-POST-/{entitykind}/{entityid}/reactions]","tests.api.authorization","2026-09-12","passed","2026-09-12","","test_credentials_required","",""
"","10","test_operation_demands_a_credential[v1-PUT-/projects/{id}/teams]","tests.api.authorization","2026-09-12","passed","2026-09-12","","test_credentials_required","",""
"","4","test_operation_demands_a_credential[v2-PATCH-/tasks/{projecttask}]","tests.api.authorization","2026-09-12","passed","2026-09-12","","test_credentials_required","",""
"","29","test_operation_demands_a_credential[v1-GET-/migration/csv/status]","tests.api.authorization","2026-09-12","passed","2026-09-12","","test_credentials_required","",""
"","18","test_operation_demands_a_credential[v2-DELETE-/labels/{id}]","tests.api.authorization","2026-09-12","passed","2026-09-12","","test_credentials_required","",""
"","7","test_documented_operation_exists[v2-POST-/projects/{project}/tasks/bulk]","tests.api.contracts","2026-09-12","passed","2026-09-12","","test_documented_operations","",""
"","7","test_documented_operation_exists[v1-POST-/user/deletion/cancel]","tests.api.contracts","2026-09-12","passed","2026-09-12","","test_documented_operations","",""
"","3","test_documented_operation_exists[v2-GET-/tasks/{task}/comments]","tests.api.contracts","2026-09-12","passed","2026-09-12","","test_documented_operations","",""
"","2","test_operation_demands_a_credential[v1-DELETE-/projects/{projectID}/teams/{teamID}]","tests.api.authorization","2026-09-12","passed","2026-09-12","","test_credentials_required","",""
"","16","test_operation_demands_a_credential[v2-POST-/shares/{share}/auth]","tests.api.authorization","2026-09-12","passed","2026-09-12","","test_credentials_required","",""
"","4","test_operation_demands_a_credential[v1-POST-/notifications]","tests.api.authorization","2026-09-12","passed","2026-09-12","","test_credentials_required","",""
"","8","test_documented_operation_exists[v1-DELETE-/tasks/{taskID}/assignees/{userID}]","tests.api.contracts","2026-09-12","passed","2026-09-12","","test_documented_operations","",""
"","12","test_operation_demands_a_credential[v2-GET-/tasks/{task_id}/time-entries]","tests.api.authorization","2026-09-12","passed","2026-09-12","","test_credentials_required","",""
"","7","test_operation_demands_a_credential[v2-POST-/migration/csv/migrate]","tests.api.authorization","2026-09-12","passed","2026-09-12","","test_credentials_required","",""
"","37","test_a_scoped_token_reaches_what_it_was_granted[tasks_attachments-read_all]","tests.api.authorization","2026-09-12","passed","2026-09-12","","test_token_scopes","",""
"","9","test_documented_operation_exists[v2-GET-/tasks/{projecttask}]","tests.api.contracts","2026-09-12","passed","2026-09-12","","test_documented_operations","",""
"","3","test_operation_demands_a_credential[v2-POST-/user/confirm]","tests.api.authorization","2026-09-12","passed","2026-09-12","","test_credentials_required","",""
"","7","test_documented_operation_exists[v1-GET-/projects/{id}/background]","tests.api.contracts","2026-09-12","passed","2026-09-12","","test_documented_operations","",""
"","14","test_operation_demands_a_credential[v1-GET-/projects]","tests.api.authorization","2026-09-12","passed","2026-09-12","","test_credentials_required","",""
"","18","test_documented_operation_exists[v1-PUT-/projects/{id}/backgrounds/upload]","tests.api.contracts","2026-09-12","passed","2026-09-12","","test_documented_operations","",""
"","3","test_documented_operation_exists[v2-POST-/projects/{project}/tasks]","tests.api.contracts","2026-09-12","passed","2026-09-12","","test_documented_operations","",""
"","11","test_operation_demands_a_credential[v2-POST-/register]","tests.api.authorization","2026-09-12","passed","2026-09-12","","test_credentials_required","",""
"","4","test_operation_demands_a_credential[v1-DELETE-/tasks/{task}/labels/{label}]","tests.api.authorization","2026-09-12","passed","2026-09-12","","test_credentials_required","",""
"The parsed parts must leave the title, or every task ends up named
after its own syntax.","2921","test_the_markers_are_stripped_from_the_title[chromium]","tests.ui.tasks","2026-09-12","passed","2026-09-12","","test_quick_add","",""
"","16","test_operation_demands_a_credential[v1-GET-/projects/{project}/views]","tests.api.authorization","2026-09-12","passed","2026-09-12","","test_credentials_required","",""
"","12","test_operation_demands_a_credential[v2-GET-/user/settings/totp]","tests.api.authorization","2026-09-12","passed","2026-09-12","","test_credentials_required","",""
"","14","test_documented_operation_exists[v1-PUT-/tasks/{taskID}/assignees]","tests.api.contracts","2026-09-12","passed","2026-09-12","","test_documented_operations","",""
"","3","test_operation_demands_a_credential[v2-PUT-/user/settings/avatar]","tests.api.authorization","2026-09-12","passed","2026-09-12","","test_credentials_required","",""
"","2","test_documented_operation_exists[v1-POST-/projects/{id}]","tests.api.contracts","2026-09-12","passed","2026-09-12","","test_documented_operations","",""
"","2","test_documented_operation_exists[v1-POST-/user/token]","tests.api.contracts","2026-09-12","passed","2026-09-12","","test_documented_operations","",""
"","15","test_operation_demands_a_credential[v2-POST-/user/settings/totp/enable]","tests.api.authorization","2026-09-12","passed","2026-09-12","","test_credentials_required","",""
"","11","test_operation_demands_a_credential[v1-POST-/user/export/download]","tests.api.authorization","2026-09-12","passed","2026-09-12","","test_credentials_required","",""
"","3","test_documented_operation_exists[v1-GET-/tokens]","tests.api.contracts","2026-09-12","passed","2026-09-12","","test_documented_operations","",""
"","1137","test_a_granted_permission_is_written_as_a_row","tests.api.integrity","2026-09-12","passed","2026-09-12","","test_data_integrity","",""
"","69","test_a_scoped_token_reaches_what_it_was_granted[tasks_assignees-read_all]","tests.api.authorization","2026-09-12","passed","2026-09-12","","test_token_scopes","",""
"","46","test_documented_operation_exists[v1-POST-/tasks/bulk]","tests.api.contracts","2026-09-12","passed","2026-09-12","","test_documented_operations","",""
"","11","test_operation_demands_a_credential[v2-POST-/filters]","tests.api.authorization","2026-09-12","passed","2026-09-12","","test_credentials_required","",""
"","6","test_operation_demands_a_credential[v2-GET-/tasks/{task}/attachments]","tests.api.authorization","2026-09-12","passed","2026-09-12","","test_credentials_required","",""
"Granting one action in an area must not grant the rest of it: the
check that would catch a scope widened by accident.","402","test_a_scoped_token_is_refused_its_siblings[tasks-read_all]","tests.api.authorization","2026-09-12","passed","2026-09-12","","test_token_scopes","",""
"","5","test_operation_demands_a_credential[v2-POST-/migration/ticktick/migrate]","tests.api.authorization","2026-09-12","passed","2026-09-12","","test_credentials_required","",""
"","15","test_operation_demands_a_credential[v2-POST-/token/test]","tests.api.authorization","2026-09-12","passed","2026-09-12","","test_credentials_required","",""
"","8","test_documented_operation_exists[v2-POST-/register]","tests.api.contracts","2026-09-12","passed","2026-09-12","","test_documented_operations","",""
"","5","test_operation_demands_a_credential[v1-GET-/webhooks/events]","tests.api.authorization","2026-09-12","passed","2026-09-12","","test_credentials_required","",""
"","8","test_documented_operation_exists[v2-POST-/projects/{projectid}/duplicate]","tests.api.contracts","2026-09-12","passed","2026-09-12","","test_documented_operations","",""
"","6","test_documented_operation_exists[v1-POST-/projects/{projectID}/teams/{teamID}]","tests.api.contracts","2026-09-12","passed","2026-09-12","","test_documented_operations","",""
"","21","test_documented_operation_exists[v1-GET-/projects/{id}/teams]","tests.api.contracts","2026-09-12","passed","2026-09-12","","test_documented_operations","",""
"","18","test_operation_demands_a_credential[v1-POST-/user/settings/general]","tests.api.authorization","2026-09-12","passed","2026-09-12","","test_credentials_required","",""
"","9","test_documented_operation_exists[v1-GET-/projects/{project}/views/{id}]","tests.api.contracts","2026-09-12","passed","2026-09-12","","test_documented_operations","",""
"","3","test_operation_demands_a_credential[v1-GET-/tasks/{task}/labels]","tests.api.authorization","2026-09-12","passed","2026-09-12","","test_credentials_required","",""
"","4","test_operation_demands_a_credential[v1-POST-/user/settings/totp/enable]","tests.api.authorization","2026-09-12","passed","2026-09-12","","test_credentials_required","",""
"Register, confirm by mail, log in, then use the session.","17","test_registered_actor_can_read_itself","tests.api.framework","2026-09-12","passed","2026-09-12","","test_transport","",""
"","37","test_documented_operation_exists[v1-DELETE-/projects/{id}]","tests.api.contracts","2026-09-12","passed","2026-09-12","","test_documented_operations","",""
"","6","test_operation_demands_a_credential[v2-DELETE-/user/bots/{bot}]","tests.api.authorization","2026-09-12","passed","2026-09-12","","test_credentials_required","",""
"","6","test_documented_operation_exists[v2-PUT-/tasks/{projecttask}/read]","tests.api.contracts","2026-09-12","passed","2026-09-12","","test_documented_operations","",""
"","780","test_deleting_a_project_leaves_no_orphaned_tasks","tests.api.integrity","2026-09-12","passed","2026-09-12","","test_data_integrity","",""
"","5","test_operation_demands_a_credential[v1-POST-/notifications/{id}]","tests.api.authorization","2026-09-12","passed","2026-09-12","","test_credentials_required","",""
"","10","test_documented_operation_exists[v1-POST-/user/settings/totp/enroll]","tests.api.contracts","2026-09-12","passed","2026-09-12","","test_documented_operations","",""
"","8","test_operation_demands_a_credential[v2-PATCH-/time-entries/{id}]","tests.api.authorization","2026-09-12","passed","2026-09-12","","test_credentials_required","",""
"","24","test_operation_demands_a_credential[v1-PUT-/user/settings/webhooks]","tests.api.authorization","2026-09-12","passed","2026-09-12","","test_credentials_required","",""
"","3","test_documented_operation_exists[v1-PUT-/user/settings/token/caldav]","tests.api.contracts","2026-09-12","passed","2026-09-12","","test_documented_operations","",""
"","10","test_operation_demands_a_credential[v1-PUT-/projects/{id}/backgrounds/upload]","tests.api.authorization","2026-09-12","passed","2026-09-12","","test_credentials_required","",""
"Granting one action in an area must not grant the rest of it: the
check that would catch a scope widened by accident.","119","test_a_scoped_token_is_refused_its_siblings[tasks_assignees-read_all]","tests.api.authorization","2026-09-12","passed","2026-09-12","","test_token_scopes","",""
"","7","test_documented_operation_exists[v2-GET-/projects/{project}/views]","tests.api.contracts","2026-09-12","passed","2026-09-12","","test_documented_operations","",""
"","3","test_operation_demands_a_credential[v1-DELETE-/admin/users/{id}]","tests.api.authorization","2026-09-12","passed","2026-09-12","","test_credentials_required","",""
"","4","test_documented_operation_exists[v2-DELETE-/tasks/{projecttask}]","tests.api.contracts","2026-09-12","passed","2026-09-12","","test_documented_operations","",""
"","23867","test_creating_a_task_raises_the_task_counter","tests.api.side_effects","2026-09-12","passed","2026-09-12","","test_metrics","",""
"","12","test_operation_demands_a_credential[v1-GET-/migration/trello/status]","tests.api.authorization","2026-09-12","skipped","2026-09-12","","test_credentials_required","",""
"","2","test_documented_operation_exists[v2-DELETE-/projects/{project}/webhooks/{webhook}]","tests.api.contracts","2026-09-12","passed","2026-09-12","","test_documented_operations","",""
"","11","test_documented_operation_exists[v2-DELETE-/tasks/{task}/comments/{commentid}]","tests.api.contracts","2026-09-12","passed","2026-09-12","","test_documented_operations","",""
"","2","test_documented_operation_exists[v1-POST-/user/settings/email]","tests.api.contracts","2026-09-12","passed","2026-09-12","","test_documented_operations","",""
"","10","test_operation_demands_a_credential[v2-POST-/teams/{team}/members]","tests.api.authorization","2026-09-12","passed","2026-09-12","","test_credentials_required","",""
"","50","test_a_scoped_token_reaches_what_it_was_granted[tasks-read_all]","tests.api.authorization","2026-09-12","passed","2026-09-12","","test_token_scopes","",""
"","17","test_operation_demands_a_credential[v2-PATCH-/admin/users/{id}/admin]","tests.api.authorization","2026-09-12","passed","2026-09-12","","test_credentials_required","",""
"","4421","test_a_label_and_a_priority_are_parsed_out_of_the_title[chromium]","tests.ui.tasks","2026-09-12","passed","2026-09-12","","test_quick_add","",""
"","6","test_operation_demands_a_credential[v2-PUT-/projects/{project}/teams/{team}]","tests.api.authorization","2026-09-12","passed","2026-09-12","","test_credentials_required","",""
"","6","test_operation_demands_a_credential[v1-DELETE-/projects/{project}/shares/{share}]","tests.api.authorization","2026-09-12","passed","2026-09-12","","test_credentials_required","",""
"","7","test_operation_demands_a_credential[v1-PUT-/teams]","tests.api.authorization","2026-09-12","passed","2026-09-12","","test_credentials_required","",""
"","5","test_operation_demands_a_credential[v1-POST-/tasks/{taskID}/comments/{commentID}]","tests.api.authorization","2026-09-12","passed","2026-09-12","","test_credentials_required","",""
"","182","test_a_non_latin_title_from_a_calendar_client_reads_back_unchanged_in_the_api","tests.api.calendar","2026-09-12","passed","2026-09-12","","test_two_doors","",""
"An exemption that stopped matching anything is how an endpoint
quietly drops out of the sweep.","3","test_no_stale_entries_in_the_public_allowlist","tests.api.authorization","2026-09-12","passed","2026-09-12","","test_credentials_required","",""
"","16","test_documented_operation_exists[v1-DELETE-/notifications]","tests.api.contracts","2026-09-12","passed","2026-09-12","","test_documented_operations","",""
"","15","test_operation_demands_a_credential[v2-PUT-/projects/{project}/users/{user}]","tests.api.authorization","2026-09-12","passed","2026-09-12","","test_credentials_required","",""
"","6","test_operation_demands_a_credential[v1-POST-/projects/{projectID}/users/{userID}]","tests.api.authorization","2026-09-12","passed","2026-09-12","","test_credentials_required","",""
"","2","test_documented_operation_exists[v1-GET-/labels/{id}]","tests.api.contracts","2026-09-12","passed","2026-09-12","","test_documented_operations","",""
"","10","test_documented_operation_exists[v1-GET-/projects/{project}/views]","tests.api.contracts","2026-09-12","passed","2026-09-12","","test_documented_operations","",""
"","12","test_documented_operation_exists[v1-GET-/migration/todoist/status]","tests.api.contracts","2026-09-12","passed","2026-09-12","","test_documented_operations","",""
"","27","test_documented_operation_exists[v1-POST-/tasks/{projecttask}/read]","tests.api.contracts","2026-09-12","passed","2026-09-12","","test_documented_operations","",""
"The stand stores files in object storage rather than on disk, so a
round trip through the API proves the longer path works, and the rows
prove the metadata followed.","387","test_an_attachment_is_recorded_against_its_task","tests.api.integrity","2026-09-12","passed","2026-09-12","","test_data_integrity","",""
"","2","test_documented_operation_exists[v2-POST-/user/password]","tests.api.contracts","2026-09-12","passed","2026-09-12","","test_documented_operations","",""
"","12","test_documented_operation_exists[v2-GET-/projects/{project}/tasks/by-index/{index}]","tests.api.contracts","2026-09-12","passed","2026-09-12","","test_documented_operations","",""
"","7","test_operation_demands_a_credential[v2-POST-/teams/{team}/members/{user}/admin]","tests.api.authorization","2026-09-12","passed","2026-09-12","","test_credentials_required","",""
"","5","test_operation_demands_a_credential[v1-POST-/user/settings/avatar]","tests.api.authorization","2026-09-12","passed","2026-09-12","","test_credentials_required","",""
"","8","test_documented_operation_exists[v2-POST-/tasks/{task}/comments]","tests.api.contracts","2026-09-12","passed","2026-09-12","","test_documented_operations","",""
"","32","test_operation_demands_a_credential[v2-POST-/logout]","tests.api.authorization","2026-09-12","passed","2026-09-12","","test_credentials_required","",""
"","6","test_operation_demands_a_credential[v1-PUT-/tasks/{taskID}/comments]","tests.api.authorization","2026-09-12","passed","2026-09-12","","test_credentials_required","",""
"","4","test_documented_operation_exists[v2-GET-/projects]","tests.api.contracts","2026-09-12","passed","2026-09-12","","test_documented_operations","",""
"","18","test_documented_operation_exists[v1-PUT-/projects/{project}/shares]","tests.api.contracts","2026-09-12","passed","2026-09-12","","test_documented_operations","",""
"","3","test_documented_operation_exists[v1-DELETE-/teams/{id}]","tests.api.contracts","2026-09-12","passed","2026-09-12","","test_documented_operations","",""
"","6","test_operation_demands_a_credential[v2-GET-/routes]","tests.api.authorization","2026-09-12","passed","2026-09-12","","test_credentials_required","",""
"","14","test_operation_demands_a_credential[v2-DELETE-/projects/{project}/teams/{team}]","tests.api.authorization","2026-09-12","passed","2026-09-12","","test_credentials_required","",""
"","10","test_documented_operation_exists[v1-DELETE-/projects/{id}/background]","tests.api.contracts","2026-09-12","passed","2026-09-12","","test_documented_operations","",""
"","6","test_documented_operation_exists[v2-POST-/user/confirm]","tests.api.contracts","2026-09-12","passed","2026-09-12","","test_documented_operations","",""
"","10","test_updating_a_task[anon]","tests.api.authorization","2026-09-12","passed","2026-09-12","","test_access_matrix","",""
"","32","test_documented_operation_exists[v1-GET-/projects/{project}/shares/{share}]","tests.api.contracts","2026-09-12","passed","2026-09-12","","test_documented_operations","",""
"","8","test_documented_operation_exists[v2-POST-/teams/{team}/members/{user}/admin]","tests.api.contracts","2026-09-12","passed","2026-09-12","","test_documented_operations","",""
"","5","test_operation_demands_a_credential[v1-DELETE-/subscriptions/{entity}/{entityID}]","tests.api.authorization","2026-09-12","passed","2026-09-12","","test_credentials_required","",""
"","16","test_operation_demands_a_credential[v2-GET-/notifications]","tests.api.authorization","2026-09-12","passed","2026-09-12","","test_credentials_required","",""
"","5","test_documented_operation_exists[v2-POST-/tasks/{projecttask}/duplicate]","tests.api.contracts","2026-09-12","passed","2026-09-12","","test_documented_operations","",""
"","5","test_documented_operation_exists[v1-PUT-/projects/{id}/tasks]","tests.api.contracts","2026-09-12","passed","2026-09-12","","test_documented_operations","",""
"","2","test_documented_operation_exists[v2-GET-/notifications]","tests.api.contracts","2026-09-12","passed","2026-09-12","","test_documented_operations","",""
"","2","test_documented_operation_exists[v1-POST-/tasks/{taskID}/assignees/bulk]","tests.api.contracts","2026-09-12","passed","2026-09-12","","test_documented_operations","",""
"","14","test_documented_operation_exists[v1-GET-/tasks/{taskID}/comments/{commentID}]","tests.api.contracts","2026-09-12","passed","2026-09-12","","test_documented_operations","",""
"","8","test_documented_operation_exists[v1-DELETE-/projects/{project}/shares/{share}]","tests.api.contracts","2026-09-12","passed","2026-09-12","","test_documented_operations","",""
"","121","test_a_scoped_token_reaches_what_it_was_granted[projects-read_all]","tests.api.authorization","2026-09-12","passed","2026-09-12","","test_token_scopes","",""
"","7","test_documented_operation_exists[v2-GET-/projects/{project}/users]","tests.api.contracts","2026-09-12","passed","2026-09-12","","test_documented_operations","",""
"","4","test_operation_demands_a_credential[v2-DELETE-/user/settings/email]","tests.api.authorization","2026-09-12","passed","2026-09-12","","test_credentials_required","",""
"","9","test_documented_operation_exists[v2-DELETE-/time-entries/{id}]","tests.api.contracts","2026-09-12","passed","2026-09-12","","test_documented_operations","",""
"","2","test_documented_operation_exists[v2-PATCH-/user/settings/avatar/provider]","tests.api.contracts","2026-09-12","passed","2026-09-12","","test_documented_operations","",""
"","5","test_documented_operation_exists[v1-GET-/tasks]","tests.api.contracts","2026-09-12","passed","2026-09-12","","test_documented_operations","",""
"","12","test_operation_demands_a_credential[v1-GET-/info]","tests.api.authorization","2026-09-12","passed","2026-09-12","","test_credentials_required","",""
"","27","test_updating_a_task[reader]","tests.api.authorization","2026-09-12","passed","2026-09-12","","test_access_matrix","",""
"","108","test_a_task_that_exists_is_indistinguishable_from_one_that_does_not","tests.api.authorization","2026-09-12","skipped","2026-09-12","","test_existence_disclosure","",""
"","7","test_documented_operation_exists[v2-GET-/filters/{filter}]","tests.api.contracts","2026-09-12","passed","2026-09-12","","test_documented_operations","",""
"","25","test_operation_demands_a_credential[v1-GET-/labels/{id}]","tests.api.authorization","2026-09-12","passed","2026-09-12","","test_credentials_required","",""
"","2","test_documented_operation_exists[v2-GET-/user/export]","tests.api.contracts","2026-09-12","passed","2026-09-12","","test_documented_operations","",""
"","11","test_operation_demands_a_credential[v1-GET-/user/settings/token/caldav]","tests.api.authorization","2026-09-12","passed","2026-09-12","","test_credentials_required","",""
"The two roles that may delete, each against a world of its own,
because the call destroys it.","1382","test_deleting_a_project_is_allowed[owner]","tests.api.authorization","2026-09-12","passed","2026-09-12","","test_access_matrix","",""
"","4","test_operation_demands_a_credential[v2-DELETE-/tokens/{id}]","tests.api.authorization","2026-09-12","passed","2026-09-12","","test_credentials_required","",""
"","15","test_documented_operation_exists[v2-PATCH-/filters/{filter}]","tests.api.contracts","2026-09-12","passed","2026-09-12","","test_documented_operations","",""
"","9","test_documented_operation_exists[v1-POST-/user/password/reset]","tests.api.contracts","2026-09-12","passed","2026-09-12","","test_documented_operations","",""
"","10","test_documented_operation_exists[v2-PATCH-/admin/projects/{id}/owner]","tests.api.contracts","2026-09-12","passed","2026-09-12","","test_documented_operations","",""
"","4","test_documented_operation_exists[v2-GET-/notifications.atom]","tests.api.contracts","2026-09-12","passed","2026-09-12","","test_documented_operations","",""
"","7","test_documented_operation_exists[v1-GET-/tasks/{taskID}/comments]","tests.api.contracts","2026-09-12","passed","2026-09-12","","test_documented_operations","",""
"","7","test_operation_demands_a_credential[v1-POST-/admin/users]","tests.api.authorization","2026-09-12","passed","2026-09-12","","test_credentials_required","",""
"","57","test_documented_operation_exists[v1-GET-/notifications]","tests.api.contracts","2026-09-12","passed","2026-09-12","","test_documented_operations","",""
"","4","test_documented_operation_exists[v1-POST-/projects/{id}/backgrounds/unsplash]","tests.api.contracts","2026-09-12","passed","2026-09-12","","test_documented_operations","",""
"v2 answers handler errors as problem+json and v1 as plain JSON.
VKJ-008 covers where v2 fails to keep that promise.","21","test_handler_errors_use_different_media_types","tests.api.contracts","2026-09-12","passed","2026-09-12","TestDeliberateDifferences","test_cross_version","",""
"","3","test_documented_operation_exists[v2-POST-/user/password/token]","tests.api.contracts","2026-09-12","passed","2026-09-12","","test_documented_operations","",""
"","10","test_operation_demands_a_credential[v2-POST-/projects]","tests.api.authorization","2026-09-12","passed","2026-09-12","","test_credentials_required","",""
"","26","test_operation_demands_a_credential[v1-POST-/tasks/{taskID}/labels/bulk]","tests.api.authorization","2026-09-12","passed","2026-09-12","","test_credentials_required","",""
"","10","test_operation_demands_a_credential[v1-POST-/user/logout]","tests.api.authorization","2026-09-12","passed","2026-09-12","","test_credentials_required","",""
"","19","test_documented_operation_exists[v2-GET-/projects/{project}/shares]","tests.api.contracts","2026-09-12","passed","2026-09-12","","test_documented_operations","",""
"","2","test_documented_operation_exists[v2-POST-/teams/{team}/members]","tests.api.contracts","2026-09-12","passed","2026-09-12","","test_documented_operations","",""
"","11","test_documented_operation_exists[v1-GET-/user/export]","tests.api.contracts","2026-09-12","passed","2026-09-12","","test_documented_operations","",""
"","7","test_operation_demands_a_credential[v1-POST-/user/deletion/request]","tests.api.authorization","2026-09-12","passed","2026-09-12","","test_credentials_required","",""
"","4","test_operation_demands_a_credential[v2-POST-/projects/{project}/tasks]","tests.api.authorization","2026-09-12","passed","2026-09-12","","test_credentials_required","",""
"","6","test_operation_demands_a_credential[v1-GET-/user/settings/webhooks/events]","tests.api.authorization","2026-09-12","passed","2026-09-12","","test_credentials_required","",""
"","13","test_operation_demands_a_credential[v1-GET-/users]","tests.api.authorization","2026-09-12","passed","2026-09-12","","test_credentials_required","",""
"","29","test_operation_demands_a_credential[v2-POST-/oauth/authorize]","tests.api.authorization","2026-09-12","passed","2026-09-12","","test_credentials_required","",""
"","13","test_operation_demands_a_credential[v1-GET-/tasks/{taskID}/comments/{commentID}]","tests.api.authorization","2026-09-12","passed","2026-09-12","","test_credentials_required","",""
"","4","test_documented_operation_exists[v2-DELETE-/projects/{project}/views/{view}]","tests.api.contracts","2026-09-12","passed","2026-09-12","","test_documented_operations","",""
"","4","test_operation_demands_a_credential[v2-GET-/user]","tests.api.authorization","2026-09-12","passed","2026-09-12","","test_credentials_required","",""
"","9","test_documented_operation_exists[v2-GET-/user/settings/webhooks/events]","tests.api.contracts","2026-09-12","passed","2026-09-12","","test_documented_operations","",""
"","12","test_operation_demands_a_credential[v2-DELETE-/projects/{project}/shares/{share}]","tests.api.authorization","2026-09-12","passed","2026-09-12","","test_credentials_required","",""
"","9","test_documented_operation_exists[v1-GET-/{kind}/{id}/reactions]","tests.api.contracts","2026-09-12","passed","2026-09-12","","test_documented_operations","",""
"","3","test_documented_operation_exists[v1-POST-/migration/vikunja-file/migrate]","tests.api.contracts","2026-09-12","passed","2026-09-12","","test_documented_operations","",""
"","8","test_operation_demands_a_credential[v2-GET-/user/bots/{bot}]","tests.api.authorization","2026-09-12","passed","2026-09-12","","test_credentials_required","",""
"","27","test_operation_demands_a_credential[v1-GET-/user/settings/avatar]","tests.api.authorization","2026-09-12","passed","2026-09-12","","test_credentials_required","",""
"","12","test_operation_demands_a_credential[v1-GET-/migration/microsoft-todo/status]","tests.api.authorization","2026-09-12","skipped","2026-09-12","","test_credentials_required","",""
"","4","test_documented_operation_exists[v1-POST-/user/settings/general]","tests.api.contracts","2026-09-12","passed","2026-09-12","","test_documented_operations","",""
"","9","test_documented_operation_exists[v1-GET-/user/settings/token/caldav]","tests.api.contracts","2026-09-12","passed","2026-09-12","","test_documented_operations","",""
"","23","test_documented_operation_exists[v1-GET-/migration/trello/status]","tests.api.contracts","2026-09-12","passed","2026-09-12","","test_documented_operations","",""
"","3","test_operation_demands_a_credential[v2-DELETE-/projects/{project}/users/{user}]","tests.api.authorization","2026-09-12","passed","2026-09-12","","test_credentials_required","",""
"","3","test_documented_operation_exists[v2-POST-/filters]","tests.api.contracts","2026-09-12","passed","2026-09-12","","test_documented_operations","",""
"","10","test_operation_demands_a_credential[v2-PUT-/tasks/{projecttask}/assignees/bulk]","tests.api.authorization","2026-09-12","passed","2026-09-12","","test_credentials_required","",""
"","29","test_operation_demands_a_credential[v1-POST-/user/password/reset]","tests.api.authorization","2026-09-12","passed","2026-09-12","","test_credentials_required","",""
"Granting one action in an area must not grant the rest of it: the
check that would catch a scope widened by accident.","101","test_a_scoped_token_is_refused_its_siblings[projects_shares-read_all]","tests.api.authorization","2026-09-12","passed","2026-09-12","","test_token_scopes","",""
"","7","test_documented_operation_exists[v2-GET-/user/sessions]","tests.api.contracts","2026-09-12","passed","2026-09-12","","test_documented_operations","",""
"","40","test_a_password_reset_sends_a_token","tests.api.side_effects","2026-09-12","passed","2026-09-12","","test_mail","",""
"","5","test_documented_operation_exists[v1-GET-/tasks/{id}/attachments]","tests.api.contracts","2026-09-12","passed","2026-09-12","","test_documented_operations","",""
"","2","test_documented_operation_exists[v2-DELETE-/subscriptions/{entity}/{entityID}]","tests.api.contracts","2026-09-12","passed","2026-09-12","","test_documented_operations","",""
"","3","test_operation_demands_a_credential[v1-POST-/user/settings/webhooks/{id}]","tests.api.authorization","2026-09-12","passed","2026-09-12","","test_credentials_required","",""
"","283","test_a_task_reads_back_identically[v2-v1]","tests.api.contracts","2026-09-12","passed","2026-09-12","TestWrittenHereReadThere","test_cross_version","",""
"","2","test_operation_demands_a_credential[v2-POST-/{entitykind}/{entityid}/reactions/delete]","tests.api.authorization","2026-09-12","passed","2026-09-12","","test_credentials_required","",""
"","24","test_operation_demands_a_credential[v2-POST-/admin/users]","tests.api.authorization","2026-09-12","passed","2026-09-12","","test_credentials_required","",""
"","4","test_operation_demands_a_credential[v1-GET-/projects/{id}/views/{view}/buckets]","tests.api.authorization","2026-09-12","passed","2026-09-12","","test_credentials_required","",""
"","14","test_operation_demands_a_credential[v2-GET-/projects/{project}/views/{view}/buckets]","tests.api.authorization","2026-09-12","passed","2026-09-12","","test_credentials_required","",""
"","22","test_operation_demands_a_credential[v2-GET-/migration/wekan/status]","tests.api.authorization","2026-09-12","passed","2026-09-12","","test_credentials_required","",""
"","2","test_documented_operation_exists[v1-PUT-/teams]","tests.api.contracts","2026-09-12","passed","2026-09-12","","test_documented_operations","",""
"","12","test_operation_demands_a_credential[v2-DELETE-/user/settings/webhooks/{webhook}]","tests.api.authorization","2026-09-12","passed","2026-09-12","","test_credentials_required","",""
"","20","test_documented_operation_exists[v1-GET-/backgrounds/unsplash/image/{image}/thumb]","tests.api.contracts","2026-09-12","passed","2026-09-12","","test_documented_operations","",""
"","25","test_operation_demands_a_credential[v1-PUT-/migration/wekan/migrate]","tests.api.authorization","2026-09-12","passed","2026-09-12","","test_credentials_required","",""
"","3","test_documented_operation_exists[v2-PUT-/projects/{project}/views/{view}]","tests.api.contracts","2026-09-12","passed","2026-09-12","","test_documented_operations","",""
"","2","test_documented_operation_exists[v1-GET-/user/timezones]","tests.api.contracts","2026-09-12","passed","2026-09-12","","test_documented_operations","",""
"","24","test_operation_demands_a_credential[v2-GET-/users]","tests.api.authorization","2026-09-12","passed","2026-09-12","","test_credentials_required","",""
"","2","test_documented_operation_exists[v1-DELETE-/teams/{id}/members/{username}]","tests.api.contracts","2026-09-12","passed","2026-09-12","","test_documented_operations","",""
"","32","test_documented_operation_exists[v1-POST-/register]","tests.api.contracts","2026-09-12","passed","2026-09-12","","test_documented_operations","",""
"","85","test_reading_a_task[owner]","tests.api.authorization","2026-09-12","passed","2026-09-12","","test_access_matrix","",""
"","10","test_operation_demands_a_credential[v1-GET-/tasks/{taskID}/assignees]","tests.api.authorization","2026-09-12","passed","2026-09-12","","test_credentials_required","",""
"","6","test_operation_demands_a_credential[v2-GET-/admin/projects]","tests.api.authorization","2026-09-12","passed","2026-09-12","","test_credentials_required","",""
"","23","test_operation_demands_a_credential[v2-GET-/migration/planka/status]","tests.api.authorization","2026-09-12","passed","2026-09-12","","test_credentials_required","",""
"","8","test_operation_demands_a_credential[v2-GET-/filters/{filter}]","tests.api.authorization","2026-09-12","passed","2026-09-12","","test_credentials_required","",""
"","8","test_operation_demands_a_credential[v2-GET-/webhooks/events]","tests.api.authorization","2026-09-12","passed","2026-09-12","","test_credentials_required","",""
"","31","test_documented_operation_exists[v1-GET-/tasks/{id}/attachments/{attachmentID}]","tests.api.contracts","2026-09-12","passed","2026-09-12","","test_documented_operations","",""
"","3601","test_the_browser_lands_signed_in[chromium]","tests.ui.framework","2026-09-12","passed","2026-09-12","","test_session","",""
"","6","test_operation_demands_a_credential[v2-GET-/tokens]","tests.api.authorization","2026-09-12","passed","2026-09-12","","test_credentials_required","",""
"","7","test_documented_operation_exists[v1-DELETE-/subscriptions/{entity}/{entityID}]","tests.api.contracts","2026-09-12","passed","2026-09-12","","test_documented_operations","",""
"","9","test_operation_demands_a_credential[v2-PUT-/tasks/{task}/comments/{commentid}]","tests.api.authorization","2026-09-12","passed","2026-09-12","","test_credentials_required","",""
"","3","test_documented_operation_exists[v2-GET-/projects/{id}]","tests.api.contracts","2026-09-12","passed","2026-09-12","","test_documented_operations","",""
"","3","test_operation_demands_a_credential[v2-PUT-/labels/{id}]","tests.api.authorization","2026-09-12","passed","2026-09-12","","test_credentials_required","",""
"","2","test_documented_operation_exists[v2-POST-/user/settings/totp/enable]","tests.api.contracts","2026-09-12","passed","2026-09-12","","test_documented_operations","",""
"v1 creates with PUT and v2 with POST, and each rejects the other's
verb: the likeliest thing to trip a client moving between versions.

Contract checking is off for this test because it calls a verb no
description declares, on purpose; being told so is the expected
result, not a finding.
","11","test_creation_uses_different_verbs","tests.api.contracts","2026-09-12","passed","2026-09-12","TestDeliberateDifferences","test_cross_version","",""
"","9","test_documented_operation_exists[v1-DELETE-/tasks/{taskID}/comments/{commentID}]","tests.api.contracts","2026-09-12","passed","2026-09-12","","test_documented_operations","",""
"","8","test_documented_operation_exists[v2-GET-/projects/{project}/tasks]","tests.api.contracts","2026-09-12","passed","2026-09-12","","test_documented_operations","",""
"","10","test_documented_operation_exists[v1-PUT-/filters]","tests.api.contracts","2026-09-12","passed","2026-09-12","","test_documented_operations","",""
"","2","test_documented_operation_exists[v2-POST-/time-entries]","tests.api.contracts","2026-09-12","passed","2026-09-12","","test_documented_operations","",""
"","4","test_documented_operation_exists[v1-GET-/{username}/avatar]","tests.api.contracts","2026-09-12","passed","2026-09-12","","test_documented_operations","",""
"","17","test_documented_operation_exists[v1-PUT-/migration/wekan/migrate]","tests.api.contracts","2026-09-12","passed","2026-09-12","","test_documented_operations","",""
"","4","test_operation_demands_a_credential[v1-GET-/admin/users]","tests.api.authorization","2026-09-12","passed","2026-09-12","","test_credentials_required","",""
"Granting one action in an area must not grant the rest of it: the
check that would catch a scope widened by accident.","162","test_a_scoped_token_is_refused_its_siblings[projects_webhooks-read_all]","tests.api.authorization","2026-09-12","passed","2026-09-12","","test_token_scopes","",""
"","6","test_operation_demands_a_credential[v1-GET-/projects/{id}/webhooks]","tests.api.authorization","2026-09-12","passed","2026-09-12","","test_credentials_required","",""
"","6","test_operation_demands_a_credential[v2-DELETE-/user/sessions/{session}]","tests.api.authorization","2026-09-12","passed","2026-09-12","","test_credentials_required","",""
"Two tasks, one reachable and one not, in a single bulk write.

The permission check has to hold for every identifier in the list. If
it is consulted only for the first, the refusal still arrives but the
rows have already moved.
","1469","test_a_refused_bulk_update_changes_nothing","tests.api.integrity","2026-09-12","passed","2026-09-12","","test_data_integrity","",""
"","10","test_operation_demands_a_credential[v2-POST-/migration/vikunja-file/migrate]","tests.api.authorization","2026-09-12","passed","2026-09-12","","test_credentials_required","",""
"","8","test_operation_demands_a_credential[v2-POST-/user/token]","tests.api.authorization","2026-09-12","passed","2026-09-12","","test_credentials_required","",""
"","7","test_operation_demands_a_credential[v1-PUT-/projects/{id}/webhooks]","tests.api.authorization","2026-09-12","passed","2026-09-12","","test_credentials_required","",""
"","151","test_a_scoped_token_reaches_what_it_was_granted[tasks_labels-read_all]","tests.api.authorization","2026-09-12","passed","2026-09-12","","test_token_scopes","",""
"","3","test_documented_operation_exists[v2-POST-/projects/{project}/webhooks]","tests.api.contracts","2026-09-12","passed","2026-09-12","","test_documented_operations","",""
"","7","test_operation_demands_a_credential[v2-GET-/tasks]","tests.api.authorization","2026-09-12","passed","2026-09-12","","test_credentials_required","",""
"","37","test_operation_demands_a_credential[v2-PATCH-/admin/users/{id}/status]","tests.api.authorization","2026-09-12","passed","2026-09-12","","test_credentials_required","",""
"","9","test_operation_demands_a_credential[v2-DELETE-/projects/{project}/views/{view}]","tests.api.authorization","2026-09-12","passed","2026-09-12","","test_credentials_required","",""
"","3","test_documented_operation_exists[v1-GET-/labels]","tests.api.contracts","2026-09-12","passed","2026-09-12","","test_documented_operations","",""
"","4","test_documented_operation_exists[v2-POST-/user/bots]","tests.api.contracts","2026-09-12","passed","2026-09-12","","test_documented_operations","",""
"","18","test_documented_operation_exists[v1-GET-/user/settings/totp]","tests.api.contracts","2026-09-12","passed","2026-09-12","","test_documented_operations","",""
"","7","test_operation_demands_a_credential[v2-DELETE-/tasks/{projecttask}/assignees/{user}]","tests.api.authorization","2026-09-12","passed","2026-09-12","","test_credentials_required","",""
"","5","test_operation_demands_a_credential[v2-DELETE-/teams/{id}]","tests.api.authorization","2026-09-12","passed","2026-09-12","","test_credentials_required","",""
"","22","test_operation_demands_a_credential[v2-POST-/migration/csv/detect]","tests.api.authorization","2026-09-12","passed","2026-09-12","","test_credentials_required","",""
"","6","test_operation_demands_a_credential[v2-DELETE-/user/settings/token/caldav/{id}]","tests.api.authorization","2026-09-12","passed","2026-09-12","","test_credentials_required","",""
"Granting one action in an area must not grant the rest of it: the
check that would catch a scope widened by accident.","347","test_a_scoped_token_is_refused_its_siblings[projects-read_all]","tests.api.authorization","2026-09-12","passed","2026-09-12","","test_token_scopes","",""
"","26","test_documented_operation_exists[v2-GET-/tasks/{task}/attachments/{attachment}]","tests.api.contracts","2026-09-12","passed","2026-09-12","","test_documented_operations","",""
"","57","test_deleting_a_task[writer]","tests.api.authorization","2026-09-12","passed","2026-09-12","","test_access_matrix","",""
"","2","test_operation_demands_a_credential[v1-DELETE-/teams/{id}/members/{username}]","tests.api.authorization","2026-09-12","passed","2026-09-12","","test_credentials_required","",""
"","2","test_documented_operation_exists[v2-POST-/projects/{project}/views/{view}/buckets]","tests.api.contracts","2026-09-12","passed","2026-09-12","","test_documented_operations","",""
"","4","test_documented_operation_exists[v2-PATCH-/projects/{project}/views/{view}]","tests.api.contracts","2026-09-12","passed","2026-09-12","","test_documented_operations","",""
"","11","test_operation_demands_a_credential[v2-POST-/tokens]","tests.api.authorization","2026-09-12","passed","2026-09-12","","test_credentials_required","",""
"","2","test_documented_operation_exists[v2-POST-/tasks/{projecttask}/assignees]","tests.api.contracts","2026-09-12","passed","2026-09-12","","test_documented_operations","",""
"","9","test_operation_demands_a_credential[v1-PUT-/subscriptions/{entity}/{entityID}]","tests.api.authorization","2026-09-12","passed","2026-09-12","","test_credentials_required","",""
"","3","test_documented_operation_exists[v1-GET-/info]","tests.api.contracts","2026-09-12","passed","2026-09-12","","test_documented_operations","",""
"","4","test_documented_operation_exists[v1-GET-/projects/{id}/webhooks]","tests.api.contracts","2026-09-12","passed","2026-09-12","","test_documented_operations","",""
"","6","test_documented_operation_exists[v2-PUT-/user/settings/avatar]","tests.api.contracts","2026-09-12","passed","2026-09-12","","test_documented_operations","",""
"","20","test_documented_operation_exists[v2-PUT-/user/settings/webhooks/{webhook}]","tests.api.contracts","2026-09-12","passed","2026-09-12","","test_documented_operations","",""
"","4","test_operation_demands_a_credential[v1-DELETE-/tasks/{id}/attachments/{attachmentID}]","tests.api.authorization","2026-09-12","passed","2026-09-12","","test_credentials_required","",""
"","12","test_documented_operation_exists[v2-GET-/projects/{project}/webhooks]","tests.api.contracts","2026-09-12","passed","2026-09-12","","test_documented_operations","",""
"","10","test_documented_operation_exists[v1-PUT-/subscriptions/{entity}/{entityID}]","tests.api.contracts","2026-09-12","passed","2026-09-12","","test_documented_operations","",""
"","30","test_operation_demands_a_credential[v2-DELETE-/tasks/{task}/relations/{relationKind}/{otherTask}]","tests.api.authorization","2026-09-12","passed","2026-09-12","","test_credentials_required","",""
"","39","test_operation_demands_a_credential[v1-GET-/backgrounds/unsplash/image/{image}]","tests.api.authorization","2026-09-12","skipped","2026-09-12","","test_credentials_required","",""
"","1","test_operation_demands_a_credential[v1-DELETE-/projects/{projectID}/users/{userID}]","tests.api.authorization","2026-09-12","passed","2026-09-12","","test_credentials_required","",""
"","9","test_operation_demands_a_credential[v2-POST-/user/password]","tests.api.authorization","2026-09-12","passed","2026-09-12","","test_credentials_required","",""
"","3","test_documented_operation_exists[v2-GET-/migration/ticktick/status]","tests.api.contracts","2026-09-12","passed","2026-09-12","","test_documented_operations","",""
"","11","test_operation_demands_a_credential[v1-GET-/notifications]","tests.api.authorization","2026-09-12","passed","2026-09-12","","test_credentials_required","",""
"","40","test_operation_demands_a_credential[v1-POST-/teams/{id}]","tests.api.authorization","2026-09-12","passed","2026-09-12","","test_credentials_required","",""
"","10","test_documented_operation_exists[v2-POST-/tasks/{projecttask}/labels]","tests.api.contracts","2026-09-12","passed","2026-09-12","","test_documented_operations","",""
"","6","test_documented_operation_exists[v1-PUT-/labels/{id}]","tests.api.contracts","2026-09-12","passed","2026-09-12","","test_documented_operations","",""
"","10","test_operation_demands_a_credential[v1-GET-/tasks/{id}/attachments/{attachmentID}]","tests.api.authorization","2026-09-12","passed","2026-09-12","","test_credentials_required","",""
